[
    {
        "model": "ffxivbot.territory",
        "pk": 1,
        "fields": {
            "name": "利姆萨·罗敏萨上层甲板",
            "nickname": "[]",
            "weather_rate": 14,
            "mapid": 11
        }
    },
    {
        "model": "ffxivbot.territory",
        "pk": 2,
        "fields": {
            "name": "利姆萨·罗敏萨下层甲板",
            "nickname": "海都",
            "weather_rate": 15,
            "mapid": 12
        }
    },
    {
        "model": "ffxivbot.territory",
        "pk": 3,
        "fields": {
            "name": "乌尔达哈现世回廊",
            "nickname": "[]",
            "weather_rate": 7,
            "mapid": 13
        }
    },
    {
        "model": "ffxivbot.territory",
        "pk": 4,
        "fields": {
            "name": "乌尔达哈来生回廊",
            "nickname": "[]",
            "weather_rate": 8,
            "mapid": 14
        }
    },
    {
        "model": "ffxivbot.territory",
        "pk": 5,
        "fields": {
            "name": "格里达尼亚新街",
            "nickname": "[]",
            "weather_rate": 1,
            "mapid": 2
        }
    },
    {
        "model": "ffxivbot.territory",
        "pk": 6,
        "fields": {
            "name": "格里达尼亚旧街",
            "nickname": "[]",
            "weather_rate": 2,
            "mapid": 3
        }
    },
    {
        "model": "ffxivbot.territory",
        "pk": 7,
        "fields": {
            "name": "中拉诺西亚",
            "nickname": "[]",
            "weather_rate": 16,
            "mapid": 15
        }
    },
    {
        "model": "ffxivbot.territory",
        "pk": 8,
        "fields": {
            "name": "拉诺西亚低地",
            "nickname": "[]",
            "weather_rate": 17,
            "mapid": 16
        }
    },
    {
        "model": "ffxivbot.territory",
        "pk": 9,
        "fields": {
            "name": "海雾村",
            "nickname": "[]",
            "weather_rate": 14,
            "mapid": 72
        }
    },
    {
        "model": "ffxivbot.territory",
        "pk": 10,
        "fields": {
            "name": "东拉诺西亚",
            "nickname": "[]",
            "weather_rate": 18,
            "mapid": 17
        }
    },
    {
        "model": "ffxivbot.territory",
        "pk": 11,
        "fields": {
            "name": "西拉诺西亚",
            "nickname": "[]",
            "weather_rate": 19,
            "mapid": 18
        }
    },
    {
        "model": "ffxivbot.territory",
        "pk": 12,
        "fields": {
            "name": "拉诺西亚高地",
            "nickname": "[]",
            "weather_rate": 20,
            "mapid": 19
        }
    },
    {
        "model": "ffxivbot.territory",
        "pk": 13,
        "fields": {
            "name": "西萨纳兰",
            "nickname": "[]",
            "weather_rate": 9,
            "mapid": 20
        }
    },
    {
        "model": "ffxivbot.territory",
        "pk": 14,
        "fields": {
            "name": "中萨纳兰",
            "nickname": "[]",
            "weather_rate": 10,
            "mapid": 21
        }
    },
    {
        "model": "ffxivbot.territory",
        "pk": 15,
        "fields": {
            "name": "日影地修炼所",
            "nickname": "[]",
            "weather_rate": 0,
            "mapid": 195
        }
    },
    {
        "model": "ffxivbot.territory",
        "pk": 16,
        "fields": {
            "name": "云廊",
            "nickname": "[]",
            "weather_rate": 28,
            "mapid": 186
        }
    },
    {
        "model": "ffxivbot.territory",
        "pk": 17,
        "fields": {
            "name": "金碟游乐场",
            "nickname": "[]",
            "weather_rate": 0,
            "mapid": 196
        }
    },
    {
        "model": "ffxivbot.territory",
        "pk": 18,
        "fields": {
            "name": "东萨纳兰",
            "nickname": "[]",
            "weather_rate": 11,
            "mapid": 22
        }
    },
    {
        "model": "ffxivbot.territory",
        "pk": 19,
        "fields": {
            "name": "南萨纳兰",
            "nickname": "[]",
            "weather_rate": 12,
            "mapid": 23
        }
    },
    {
        "model": "ffxivbot.territory",
        "pk": 20,
        "fields": {
            "name": "北萨纳兰",
            "nickname": "[]",
            "weather_rate": 13,
            "mapid": 24
        }
    },
    {
        "model": "ffxivbot.territory",
        "pk": 21,
        "fields": {
            "name": "黑衣森林中央林区",
            "nickname": "[]",
            "weather_rate": 3,
            "mapid": 4
        }
    },
    {
        "model": "ffxivbot.territory",
        "pk": 22,
        "fields": {
            "name": "狼狱演习场",
            "nickname": "[]",
            "weather_rate": 65,
            "mapid": 285
        }
    },
    {
        "model": "ffxivbot.territory",
        "pk": 23,
        "fields": {
            "name": "密约之塔",
            "nickname": "[]",
            "weather_rate": 74,
            "mapid": 201
        }
    },
    {
        "model": "ffxivbot.territory",
        "pk": 24,
        "fields": {
            "name": "暗之世界",
            "nickname": "[]",
            "weather_rate": 0,
            "mapid": 184
        }
    },
    {
        "model": "ffxivbot.territory",
        "pk": 25,
        "fields": {
            "name": "黑衣森林东部林区",
            "nickname": "[]",
            "weather_rate": 4,
            "mapid": 5
        }
    },
    {
        "model": "ffxivbot.territory",
        "pk": 26,
        "fields": {
            "name": "黑衣森林南部林区",
            "nickname": "[]",
            "weather_rate": 5,
            "mapid": 6
        }
    },
    {
        "model": "ffxivbot.territory",
        "pk": 27,
        "fields": {
            "name": "黑衣森林北部林区",
            "nickname": "[]",
            "weather_rate": 6,
            "mapid": 7
        }
    },
    {
        "model": "ffxivbot.territory",
        "pk": 28,
        "fields": {
            "name": "库尔札斯中央高地",
            "nickname": "[]",
            "weather_rate": 21,
            "mapid": 53
        }
    },
    {
        "model": "ffxivbot.territory",
        "pk": 29,
        "fields": {
            "name": "摩杜纳",
            "nickname": "[]",
            "weather_rate": 22,
            "mapid": 25
        }
    },
    {
        "model": "ffxivbot.territory",
        "pk": 30,
        "fields": {
            "name": "沙斯塔夏溶洞",
            "nickname": "[]",
            "weather_rate": 0,
            "mapid": 31
        }
    },
    {
        "model": "ffxivbot.territory",
        "pk": 31,
        "fields": {
            "name": "布雷福洛克斯野营地",
            "nickname": "[]",
            "weather_rate": 0,
            "mapid": 45
        }
    },
    {
        "model": "ffxivbot.territory",
        "pk": 32,
        "fields": {
            "name": "放浪神古神殿",
            "nickname": "[]",
            "weather_rate": 0,
            "mapid": 32
        }
    },
    {
        "model": "ffxivbot.territory",
        "pk": 33,
        "fields": {
            "name": "天狼星灯塔",
            "nickname": "[]",
            "weather_rate": 28,
            "mapid": 108
        }
    },
    {
        "model": "ffxivbot.territory",
        "pk": 34,
        "fields": {
            "name": "铜铃铜山",
            "nickname": "[]",
            "weather_rate": 0,
            "mapid": 34
        }
    },
    {
        "model": "ffxivbot.territory",
        "pk": 35,
        "fields": {
            "name": "喀恩埋没圣堂",
            "nickname": "[]",
            "weather_rate": 0,
            "mapid": 42
        }
    },
    {
        "model": "ffxivbot.territory",
        "pk": 36,
        "fields": {
            "name": "塔姆·塔拉墓园",
            "nickname": "[]",
            "weather_rate": 0,
            "mapid": 8
        }
    },
    {
        "model": "ffxivbot.territory",
        "pk": 37,
        "fields": {
            "name": "静语庄园",
            "nickname": "[]",
            "weather_rate": 0,
            "mapid": 48
        }
    },
    {
        "model": "ffxivbot.territory",
        "pk": 38,
        "fields": {
            "name": "无限城古堡",
            "nickname": "[]",
            "weather_rate": 28,
            "mapid": 49
        }
    },
    {
        "model": "ffxivbot.territory",
        "pk": 39,
        "fields": {
            "name": "石卫塔",
            "nickname": "[]",
            "weather_rate": 27,
            "mapid": 37
        }
    },
    {
        "model": "ffxivbot.territory",
        "pk": 40,
        "fields": {
            "name": "托托·拉克千狱",
            "nickname": "[]",
            "weather_rate": 0,
            "mapid": 9
        }
    },
    {
        "model": "ffxivbot.territory",
        "pk": 41,
        "fields": {
            "name": "樵鸣洞",
            "nickname": "[]",
            "weather_rate": 0,
            "mapid": 52
        }
    },
    {
        "model": "ffxivbot.territory",
        "pk": 42,
        "fields": {
            "name": "泽梅尔要塞",
            "nickname": "[]",
            "weather_rate": 0,
            "mapid": 50
        }
    },
    {
        "model": "ffxivbot.territory",
        "pk": 43,
        "fields": {
            "name": "黄金谷",
            "nickname": "[]",
            "weather_rate": 0,
            "mapid": 38
        }
    },
    {
        "model": "ffxivbot.territory",
        "pk": 44,
        "fields": {
            "name": "古代人迷宫",
            "nickname": "[]",
            "weather_rate": 0,
            "mapid": 71
        }
    },
    {
        "model": "ffxivbot.territory",
        "pk": 45,
        "fields": {
            "name": "陌迪翁牢狱",
            "nickname": "[]",
            "weather_rate": 0,
            "mapid": 1
        }
    },
    {
        "model": "ffxivbot.territory",
        "pk": 46,
        "fields": {
            "name": "后桅旅店",
            "nickname": "[]",
            "weather_rate": 0,
            "mapid": 26
        }
    },
    {
        "model": "ffxivbot.territory",
        "pk": 47,
        "fields": {
            "name": "沙钟旅亭",
            "nickname": "[]",
            "weather_rate": 0,
            "mapid": 27
        }
    },
    {
        "model": "ffxivbot.territory",
        "pk": 48,
        "fields": {
            "name": "栖木旅馆",
            "nickname": "[]",
            "weather_rate": 0,
            "mapid": 28
        }
    },
    {
        "model": "ffxivbot.territory",
        "pk": 49,
        "fields": {
            "name": "拉诺西亚外地",
            "nickname": "[]",
            "weather_rate": 24,
            "mapid": 30
        }
    },
    {
        "model": "ffxivbot.territory",
        "pk": 50,
        "fields": {
            "name": "利姆萨·罗敏萨",
            "nickname": "[]",
            "weather_rate": 0,
            "mapid": 11
        }
    },
    {
        "model": "ffxivbot.territory",
        "pk": 51,
        "fields": {
            "name": "诸神黄昏级六号舰舰体中央",
            "nickname": "[]",
            "weather_rate": 0,
            "mapid": 175
        }
    },
    {
        "model": "ffxivbot.territory",
        "pk": 52,
        "fields": {
            "name": "诸神黄昏级六号舰再生控制区",
            "nickname": "[]",
            "weather_rate": 0,
            "mapid": 176
        }
    },
    {
        "model": "ffxivbot.territory",
        "pk": 53,
        "fields": {
            "name": "诸神黄昏级六号舰第一舰桥",
            "nickname": "[]",
            "weather_rate": 0,
            "mapid": 177
        }
    },
    {
        "model": "ffxivbot.territory",
        "pk": 54,
        "fields": {
            "name": "龙炎核心",
            "nickname": "[]",
            "weather_rate": 44,
            "mapid": 178
        }
    },
    {
        "model": "ffxivbot.territory",
        "pk": 55,
        "fields": {
            "name": "提督室",
            "nickname": "[]",
            "weather_rate": 14,
            "mapid": 75
        }
    },
    {
        "model": "ffxivbot.territory",
        "pk": 56,
        "fields": {
            "name": "炎帝陵",
            "nickname": "[]",
            "weather_rate": 25,
            "mapid": 35
        }
    },
    {
        "model": "ffxivbot.territory",
        "pk": 57,
        "fields": {
            "name": "神勇队司令室",
            "nickname": "[]",
            "weather_rate": 0,
            "mapid": 68
        }
    },
    {
        "model": "ffxivbot.territory",
        "pk": 58,
        "fields": {
            "name": "芙蓉圆桌",
            "nickname": "[]",
            "weather_rate": 0,
            "mapid": 69
        }
    },
    {
        "model": "ffxivbot.territory",
        "pk": 59,
        "fields": {
            "name": "奥·哥摩罗火口神殿",
            "nickname": "[]",
            "weather_rate": 23,
            "mapid": 33
        }
    },
    {
        "model": "ffxivbot.territory",
        "pk": 60,
        "fields": {
            "name": "荆棘之园",
            "nickname": "[]",
            "weather_rate": 30,
            "mapid": 36
        }
    },
    {
        "model": "ffxivbot.territory",
        "pk": 61,
        "fields": {
            "name": "呼啸眼石塔群",
            "nickname": "[]",
            "weather_rate": 26,
            "mapid": 39
        }
    },
    {
        "model": "ffxivbot.territory",
        "pk": 62,
        "fields": {
            "name": "银胄团总长室",
            "nickname": "[]",
            "weather_rate": 0,
            "mapid": 78
        }
    },
    {
        "model": "ffxivbot.territory",
        "pk": 63,
        "fields": {
            "name": "沙之家",
            "nickname": "[]",
            "weather_rate": 0,
            "mapid": 80
        }
    },
    {
        "model": "ffxivbot.territory",
        "pk": 64,
        "fields": {
            "name": "帝国南方堡",
            "nickname": "[]",
            "weather_rate": 0,
            "mapid": 47
        }
    },
    {
        "model": "ffxivbot.territory",
        "pk": 65,
        "fields": {
            "name": "天幕魔导城",
            "nickname": "[]",
            "weather_rate": 0,
            "mapid": 56
        }
    },
    {
        "model": "ffxivbot.territory",
        "pk": 66,
        "fields": {
            "name": "陨石勘查坑表层",
            "nickname": "[]",
            "weather_rate": 0,
            "mapid": 57
        }
    },
    {
        "model": "ffxivbot.territory",
        "pk": 67,
        "fields": {
            "name": "陨石勘查坑深层",
            "nickname": "[]",
            "weather_rate": 0,
            "mapid": 58
        }
    },
    {
        "model": "ffxivbot.territory",
        "pk": 68,
        "fields": {
            "name": "诸神黄昏级拘束舰",
            "nickname": "[]",
            "weather_rate": 0,
            "mapid": 62
        }
    },
    {
        "model": "ffxivbot.territory",
        "pk": 69,
        "fields": {
            "name": "隔离壁",
            "nickname": "[]",
            "weather_rate": 0,
            "mapid": 59
        }
    },
    {
        "model": "ffxivbot.territory",
        "pk": 70,
        "fields": {
            "name": "中枢区",
            "nickname": "[]",
            "weather_rate": 0,
            "mapid": 60
        }
    },
    {
        "model": "ffxivbot.territory",
        "pk": 71,
        "fields": {
            "name": "诸神黄昏级四号舰第一舰桥",
            "nickname": "[]",
            "weather_rate": 0,
            "mapid": 1
        }
    },
    {
        "model": "ffxivbot.territory",
        "pk": 72,
        "fields": {
            "name": "第一舰桥",
            "nickname": "[]",
            "weather_rate": 0,
            "mapid": 1
        }
    },
    {
        "model": "ffxivbot.territory",
        "pk": 73,
        "fields": {
            "name": "狼狱停船场",
            "nickname": "[]",
            "weather_rate": 29,
            "mapid": 51
        }
    },
    {
        "model": "ffxivbot.territory",
        "pk": 74,
        "fields": {
            "name": "次元缝隙迎宾室",
            "nickname": "[]",
            "weather_rate": 0,
            "mapid": 1
        }
    },
    {
        "model": "ffxivbot.territory",
        "pk": 75,
        "fields": {
            "name": "对利维亚桑双体船",
            "nickname": "[]",
            "weather_rate": 38,
            "mapid": 147
        }
    },
    {
        "model": "ffxivbot.territory",
        "pk": 76,
        "fields": {
            "name": "海雾村私人小屋",
            "nickname": "[]",
            "weather_rate": 0,
            "mapid": 109
        }
    },
    {
        "model": "ffxivbot.territory",
        "pk": 77,
        "fields": {
            "name": "海雾村私人公馆",
            "nickname": "[]",
            "weather_rate": 0,
            "mapid": 110
        }
    },
    {
        "model": "ffxivbot.territory",
        "pk": 78,
        "fields": {
            "name": "海雾村私人别墅",
            "nickname": "[]",
            "weather_rate": 0,
            "mapid": 113
        }
    },
    {
        "model": "ffxivbot.territory",
        "pk": 79,
        "fields": {
            "name": "罗塔诺海",
            "nickname": "[]",
            "weather_rate": 0,
            "mapid": 95
        }
    },
    {
        "model": "ffxivbot.territory",
        "pk": 80,
        "fields": {
            "name": "呼啸眼外围",
            "nickname": "[]",
            "weather_rate": 26,
            "mapid": 98
        }
    },
    {
        "model": "ffxivbot.territory",
        "pk": 81,
        "fields": {
            "name": "艾欧泽亚地下空间",
            "nickname": "[]",
            "weather_rate": 0,
            "mapid": 1
        }
    },
    {
        "model": "ffxivbot.territory",
        "pk": 82,
        "fields": {
            "name": "薰衣草苗圃",
            "nickname": "[]",
            "weather_rate": 34,
            "mapid": 82
        }
    },
    {
        "model": "ffxivbot.territory",
        "pk": 83,
        "fields": {
            "name": "高脚孤丘",
            "nickname": "[]",
            "weather_rate": 33,
            "mapid": 83
        }
    },
    {
        "model": "ffxivbot.territory",
        "pk": 84,
        "fields": {
            "name": "薰衣草苗圃私人小屋",
            "nickname": "[]",
            "weather_rate": 0,
            "mapid": 116
        }
    },
    {
        "model": "ffxivbot.territory",
        "pk": 85,
        "fields": {
            "name": "薰衣草苗圃私人公馆",
            "nickname": "[]",
            "weather_rate": 0,
            "mapid": 117
        }
    },
    {
        "model": "ffxivbot.territory",
        "pk": 86,
        "fields": {
            "name": "薰衣草苗圃私人别墅",
            "nickname": "[]",
            "weather_rate": 0,
            "mapid": 120
        }
    },
    {
        "model": "ffxivbot.territory",
        "pk": 87,
        "fields": {
            "name": "高脚孤丘私人小屋",
            "nickname": "[]",
            "weather_rate": 0,
            "mapid": 123
        }
    },
    {
        "model": "ffxivbot.territory",
        "pk": 88,
        "fields": {
            "name": "高脚孤丘私人公馆",
            "nickname": "[]",
            "weather_rate": 0,
            "mapid": 124
        }
    },
    {
        "model": "ffxivbot.territory",
        "pk": 89,
        "fields": {
            "name": "高脚孤丘私人别墅",
            "nickname": "[]",
            "weather_rate": 0,
            "mapid": 127
        }
    },
    {
        "model": "ffxivbot.territory",
        "pk": 90,
        "fields": {
            "name": "后营门",
            "nickname": "[]",
            "weather_rate": 31,
            "mapid": 143
        }
    },
    {
        "model": "ffxivbot.territory",
        "pk": 91,
        "fields": {
            "name": "石之家",
            "nickname": "[]",
            "weather_rate": 0,
            "mapid": 136
        }
    },
    {
        "model": "ffxivbot.territory",
        "pk": 92,
        "fields": {
            "name": "残骸岛",
            "nickname": "[]",
            "weather_rate": 70,
            "mapid": 316
        }
    },
    {
        "model": "ffxivbot.territory",
        "pk": 93,
        "fields": {
            "name": "抑制绝境S1T7",
            "nickname": "[]",
            "weather_rate": 66,
            "mapid": 283
        }
    },
    {
        "model": "ffxivbot.territory",
        "pk": 94,
        "fields": {
            "name": "陨石背阴地",
            "nickname": "[]",
            "weather_rate": 0,
            "mapid": 148
        }
    },
    {
        "model": "ffxivbot.territory",
        "pk": 95,
        "fields": {
            "name": "拘束舰外围",
            "nickname": "[]",
            "weather_rate": 28,
            "mapid": 149
        }
    },
    {
        "model": "ffxivbot.territory",
        "pk": 96,
        "fields": {
            "name": "诸神黄昏级三号舰舰体中央",
            "nickname": "[]",
            "weather_rate": 0,
            "mapid": 65
        }
    },
    {
        "model": "ffxivbot.territory",
        "pk": 97,
        "fields": {
            "name": "诸神黄昏级三号舰作战室",
            "nickname": "[]",
            "weather_rate": 0,
            "mapid": 150
        }
    },
    {
        "model": "ffxivbot.territory",
        "pk": 98,
        "fields": {
            "name": "破舰岛",
            "nickname": "[]",
            "weather_rate": 0,
            "mapid": 168
        }
    },
    {
        "model": "ffxivbot.territory",
        "pk": 99,
        "fields": {
            "name": "无限城市街古迹",
            "nickname": "[]",
            "weather_rate": 40,
            "mapid": 151
        }
    },
    {
        "model": "ffxivbot.territory",
        "pk": 100,
        "fields": {
            "name": "狮鹫大桥",
            "nickname": "[]",
            "weather_rate": 0,
            "mapid": 144
        }
    },
    {
        "model": "ffxivbot.territory",
        "pk": 101,
        "fields": {
            "name": "圣人泪",
            "nickname": "[]",
            "weather_rate": 21,
            "mapid": 53
        }
    },
    {
        "model": "ffxivbot.territory",
        "pk": 102,
        "fields": {
            "name": "兽斗间",
            "nickname": "[]",
            "weather_rate": 0,
            "mapid": 46
        }
    },
    {
        "model": "ffxivbot.territory",
        "pk": 103,
        "fields": {
            "name": "诸神黄昏级三号舰第一舰桥",
            "nickname": "[]",
            "weather_rate": 0,
            "mapid": 1
        }
    },
    {
        "model": "ffxivbot.territory",
        "pk": 104,
        "fields": {
            "name": "披雪大冰壁",
            "nickname": "[]",
            "weather_rate": 42,
            "mapid": 174
        }
    },
    {
        "model": "ffxivbot.territory",
        "pk": 105,
        "fields": {
            "name": "希尔科斯塔",
            "nickname": "[]",
            "weather_rate": 0,
            "mapid": 158
        }
    },
    {
        "model": "ffxivbot.territory",
        "pk": 106,
        "fields": {
            "name": "神判古树",
            "nickname": "[]",
            "weather_rate": 43,
            "mapid": 166
        }
    },
    {
        "model": "ffxivbot.territory",
        "pk": 107,
        "fields": {
            "name": "加尔提诺平原周边遗迹群",
            "nickname": "[]",
            "weather_rate": 0,
            "mapid": 167
        }
    },
    {
        "model": "ffxivbot.territory",
        "pk": 108,
        "fields": {
            "name": "无尽轮回剧场",
            "nickname": "[]",
            "weather_rate": 46,
            "mapid": 173
        }
    },
    {
        "model": "ffxivbot.territory",
        "pk": 109,
        "fields": {
            "name": "海雾村个人房间",
            "nickname": "[]",
            "weather_rate": 0,
            "mapid": 170
        }
    },
    {
        "model": "ffxivbot.territory",
        "pk": 110,
        "fields": {
            "name": "薰衣草苗圃个人房间",
            "nickname": "[]",
            "weather_rate": 0,
            "mapid": 171
        }
    },
    {
        "model": "ffxivbot.territory",
        "pk": 111,
        "fields": {
            "name": "高脚孤丘个人房间",
            "nickname": "[]",
            "weather_rate": 0,
            "mapid": 172
        }
    },
    {
        "model": "ffxivbot.territory",
        "pk": 112,
        "fields": {
            "name": "陆行鸟广场",
            "nickname": "[]",
            "weather_rate": 0,
            "mapid": 197
        }
    },
    {
        "model": "ffxivbot.territory",
        "pk": 113,
        "fields": {
            "name": "十二神大圣堂",
            "nickname": "[]",
            "weather_rate": 0,
            "mapid": 180
        }
    },
    {
        "model": "ffxivbot.territory",
        "pk": 114,
        "fields": {
            "name": "接待室",
            "nickname": "[]",
            "weather_rate": 0,
            "mapid": 179
        }
    },
    {
        "model": "ffxivbot.territory",
        "pk": 115,
        "fields": {
            "name": "库尔札斯西部高地",
            "nickname": "[]",
            "weather_rate": 49,
            "mapid": 211
        }
    },
    {
        "model": "ffxivbot.territory",
        "pk": 116,
        "fields": {
            "name": "龙堡参天高地",
            "nickname": "[]",
            "weather_rate": 50,
            "mapid": 212
        }
    },
    {
        "model": "ffxivbot.territory",
        "pk": 117,
        "fields": {
            "name": "龙堡内陆低地",
            "nickname": "[]",
            "weather_rate": 51,
            "mapid": 213
        }
    },
    {
        "model": "ffxivbot.territory",
        "pk": 118,
        "fields": {
            "name": "翻云雾海",
            "nickname": "[]",
            "weather_rate": 52,
            "mapid": 214
        }
    },
    {
        "model": "ffxivbot.territory",
        "pk": 119,
        "fields": {
            "name": "阿巴拉提亚云海",
            "nickname": "[]",
            "weather_rate": 53,
            "mapid": 215
        }
    },
    {
        "model": "ffxivbot.territory",
        "pk": 120,
        "fields": {
            "name": "魔大陆阿济兹拉",
            "nickname": "[]",
            "weather_rate": 54,
            "mapid": 216
        }
    },
    {
        "model": "ffxivbot.territory",
        "pk": 121,
        "fields": {
            "name": "阿拉米格",
            "nickname": "[]",
            "weather_rate": 0,
            "mapid": 417
        }
    },
    {
        "model": "ffxivbot.territory",
        "pk": 122,
        "fields": {
            "name": "迦巴勒幻想图书馆",
            "nickname": "[]",
            "weather_rate": 0,
            "mapid": 241
        }
    },
    {
        "model": "ffxivbot.territory",
        "pk": 123,
        "fields": {
            "name": "伊修加德基础层",
            "nickname": "[]",
            "weather_rate": 47,
            "mapid": 218
        }
    },
    {
        "model": "ffxivbot.territory",
        "pk": 124,
        "fields": {
            "name": "伊修加德砥柱层",
            "nickname": "[]",
            "weather_rate": 48,
            "mapid": 219
        }
    },
    {
        "model": "ffxivbot.territory",
        "pk": 125,
        "fields": {
            "name": "不获岛",
            "nickname": "[]",
            "weather_rate": 0,
            "mapid": 230
        }
    },
    {
        "model": "ffxivbot.territory",
        "pk": 126,
        "fields": {
            "name": "伊修加德教皇厅",
            "nickname": "[]",
            "weather_rate": 0,
            "mapid": 248
        }
    },
    {
        "model": "ffxivbot.territory",
        "pk": 127,
        "fields": {
            "name": "海雾村部队工房",
            "nickname": "[]",
            "weather_rate": 0,
            "mapid": 204
        }
    },
    {
        "model": "ffxivbot.territory",
        "pk": 128,
        "fields": {
            "name": "高脚孤丘部队工房",
            "nickname": "[]",
            "weather_rate": 0,
            "mapid": 205
        }
    },
    {
        "model": "ffxivbot.territory",
        "pk": 129,
        "fields": {
            "name": "薰衣草苗圃部队工房",
            "nickname": "[]",
            "weather_rate": 0,
            "mapid": 206
        }
    },
    {
        "model": "ffxivbot.territory",
        "pk": 130,
        "fields": {
            "name": "戒律之茧",
            "nickname": "[]",
            "weather_rate": 0,
            "mapid": 207
        }
    },
    {
        "model": "ffxivbot.territory",
        "pk": 131,
        "fields": {
            "name": "圣恩达利姆神学院",
            "nickname": "[]",
            "weather_rate": 0,
            "mapid": 220
        }
    },
    {
        "model": "ffxivbot.territory",
        "pk": 132,
        "fields": {
            "name": "神殿骑士团总骑士长室",
            "nickname": "[]",
            "weather_rate": 0,
            "mapid": 221
        }
    },
    {
        "model": "ffxivbot.territory",
        "pk": 133,
        "fields": {
            "name": "九霄云舍",
            "nickname": "[]",
            "weather_rate": 0,
            "mapid": 223
        }
    },
    {
        "model": "ffxivbot.territory",
        "pk": 134,
        "fields": {
            "name": "无限回廊",
            "nickname": "[]",
            "weather_rate": 0,
            "mapid": 244
        }
    },
    {
        "model": "ffxivbot.territory",
        "pk": 135,
        "fields": {
            "name": "尘封秘岩",
            "nickname": "[]",
            "weather_rate": 59,
            "mapid": 242
        }
    },
    {
        "model": "ffxivbot.territory",
        "pk": 136,
        "fields": {
            "name": "武神斗技场",
            "nickname": "[]",
            "weather_rate": 57,
            "mapid": 256
        }
    },
    {
        "model": "ffxivbot.territory",
        "pk": 137,
        "fields": {
            "name": "福尔唐伯爵府",
            "nickname": "[]",
            "weather_rate": 0,
            "mapid": 222
        }
    },
    {
        "model": "ffxivbot.territory",
        "pk": 138,
        "fields": {
            "name": "暮卫塔",
            "nickname": "[]",
            "weather_rate": 42,
            "mapid": 243
        }
    },
    {
        "model": "ffxivbot.territory",
        "pk": 139,
        "fields": {
            "name": "龙巢神殿",
            "nickname": "[]",
            "weather_rate": 28,
            "mapid": 252
        }
    },
    {
        "model": "ffxivbot.territory",
        "pk": 140,
        "fields": {
            "name": "无尽苍空",
            "nickname": "[]",
            "weather_rate": 28,
            "mapid": 235
        }
    },
    {
        "model": "ffxivbot.territory",
        "pk": 141,
        "fields": {
            "name": "奇点反应堆",
            "nickname": "[]",
            "weather_rate": 56,
            "mapid": 236
        }
    },
    {
        "model": "ffxivbot.territory",
        "pk": 142,
        "fields": {
            "name": "魔科学研究所",
            "nickname": "[]",
            "weather_rate": 0,
            "mapid": 231
        }
    },
    {
        "model": "ffxivbot.territory",
        "pk": 143,
        "fields": {
            "name": "轻羽斗场",
            "nickname": "[]",
            "weather_rate": 0,
            "mapid": 224
        }
    },
    {
        "model": "ffxivbot.territory",
        "pk": 144,
        "fields": {
            "name": "决斗裁判场",
            "nickname": "[]",
            "weather_rate": 0,
            "mapid": 225
        }
    },
    {
        "model": "ffxivbot.territory",
        "pk": 145,
        "fields": {
            "name": "索姆阿尔灵峰",
            "nickname": "[]",
            "weather_rate": 0,
            "mapid": 227
        }
    },
    {
        "model": "ffxivbot.territory",
        "pk": 146,
        "fields": {
            "name": "戈耳狄俄斯之拳",
            "nickname": "[]",
            "weather_rate": 0,
            "mapid": 237
        }
    },
    {
        "model": "ffxivbot.territory",
        "pk": 147,
        "fields": {
            "name": "戈耳狄俄斯之袖",
            "nickname": "[]",
            "weather_rate": 0,
            "mapid": 238
        }
    },
    {
        "model": "ffxivbot.territory",
        "pk": 148,
        "fields": {
            "name": "戈耳狄俄斯之臂",
            "nickname": "[]",
            "weather_rate": 0,
            "mapid": 239
        }
    },
    {
        "model": "ffxivbot.territory",
        "pk": 149,
        "fields": {
            "name": "戈耳狄俄斯之担",
            "nickname": "[]",
            "weather_rate": 0,
            "mapid": 240
        }
    },
    {
        "model": "ffxivbot.territory",
        "pk": 150,
        "fields": {
            "name": "供奉洞",
            "nickname": "[]",
            "weather_rate": 0,
            "mapid": 226
        }
    },
    {
        "model": "ffxivbot.territory",
        "pk": 151,
        "fields": {
            "name": "玛托雅的洞穴",
            "nickname": "[]",
            "weather_rate": 0,
            "mapid": 253
        }
    },
    {
        "model": "ffxivbot.territory",
        "pk": 152,
        "fields": {
            "name": "田园郡",
            "nickname": "[]",
            "weather_rate": 55,
            "mapid": 257
        }
    },
    {
        "model": "ffxivbot.territory",
        "pk": 153,
        "fields": {
            "name": "开发室",
            "nickname": "[]",
            "weather_rate": 0,
            "mapid": 267
        }
    },
    {
        "model": "ffxivbot.territory",
        "pk": 154,
        "fields": {
            "name": "亚历山大机神城",
            "nickname": "[]",
            "weather_rate": 0,
            "mapid": 260
        }
    },
    {
        "model": "ffxivbot.territory",
        "pk": 155,
        "fields": {
            "name": "魔大陆中枢",
            "nickname": "[]",
            "weather_rate": 0,
            "mapid": 261
        }
    },
    {
        "model": "ffxivbot.territory",
        "pk": 156,
        "fields": {
            "name": "魔航船虚无方舟",
            "nickname": "[]",
            "weather_rate": 37,
            "mapid": 269
        }
    },
    {
        "model": "ffxivbot.territory",
        "pk": 157,
        "fields": {
            "name": "圣茉夏娜植物园",
            "nickname": "[]",
            "weather_rate": 0,
            "mapid": 268
        }
    },
    {
        "model": "ffxivbot.territory",
        "pk": 158,
        "fields": {
            "name": "云冠群岛",
            "nickname": "[]",
            "weather_rate": 60,
            "mapid": 276
        }
    },
    {
        "model": "ffxivbot.territory",
        "pk": 159,
        "fields": {
            "name": "颠倒塔",
            "nickname": "[]",
            "weather_rate": 0,
            "mapid": 277
        }
    },
    {
        "model": "ffxivbot.territory",
        "pk": 160,
        "fields": {
            "name": "弥达斯之拳",
            "nickname": "[]",
            "weather_rate": 0,
            "mapid": 286
        }
    },
    {
        "model": "ffxivbot.territory",
        "pk": 161,
        "fields": {
            "name": "弥达斯之袖",
            "nickname": "[]",
            "weather_rate": 0,
            "mapid": 287
        }
    },
    {
        "model": "ffxivbot.territory",
        "pk": 162,
        "fields": {
            "name": "弥达斯之臂",
            "nickname": "[]",
            "weather_rate": 0,
            "mapid": 289
        }
    },
    {
        "model": "ffxivbot.territory",
        "pk": 163,
        "fields": {
            "name": "弥达斯之担",
            "nickname": "[]",
            "weather_rate": 0,
            "mapid": 290
        }
    },
    {
        "model": "ffxivbot.territory",
        "pk": 164,
        "fields": {
            "name": "双蛇党军营",
            "nickname": "[]",
            "weather_rate": 0,
            "mapid": 308
        }
    },
    {
        "model": "ffxivbot.territory",
        "pk": 165,
        "fields": {
            "name": "恒辉队军营",
            "nickname": "[]",
            "weather_rate": 0,
            "mapid": 309
        }
    },
    {
        "model": "ffxivbot.territory",
        "pk": 166,
        "fields": {
            "name": "黑涡团军营",
            "nickname": "[]",
            "weather_rate": 0,
            "mapid": 310
        }
    },
    {
        "model": "ffxivbot.territory",
        "pk": 167,
        "fields": {
            "name": "群狼困斗",
            "nickname": "[]",
            "weather_rate": 0,
            "mapid": 81
        }
    },
    {
        "model": "ffxivbot.territory",
        "pk": 168,
        "fields": {
            "name": "荣誉野",
            "nickname": "[]",
            "weather_rate": 67,
            "mapid": 296
        }
    },
    {
        "model": "ffxivbot.territory",
        "pk": 169,
        "fields": {
            "name": "忆罪宫",
            "nickname": "[]",
            "weather_rate": 0,
            "mapid": 292
        }
    },
    {
        "model": "ffxivbot.territory",
        "pk": 170,
        "fields": {
            "name": "禁忌城邦玛哈",
            "nickname": "[]",
            "weather_rate": 0,
            "mapid": 298
        }
    },
    {
        "model": "ffxivbot.territory",
        "pk": 171,
        "fields": {
            "name": "水城宝物库",
            "nickname": "[]",
            "weather_rate": 0,
            "mapid": 315
        }
    },
    {
        "model": "ffxivbot.territory",
        "pk": 172,
        "fields": {
            "name": "死者宫殿",
            "nickname": "[]",
            "weather_rate": 0,
            "mapid": 0
        }
    },
    {
        "model": "ffxivbot.territory",
        "pk": 173,
        "fields": {
            "name": "帕洛克系留基地",
            "nickname": "[]",
            "weather_rate": 0,
            "mapid": 305
        }
    },
    {
        "model": "ffxivbot.territory",
        "pk": 174,
        "fields": {
            "name": "利奥法德的房间",
            "nickname": "[]",
            "weather_rate": 0,
            "mapid": 306
        }
    },
    {
        "model": "ffxivbot.territory",
        "pk": 175,
        "fields": {
            "name": "亡灵府邸闹鬼庄园",
            "nickname": "[]",
            "weather_rate": 0,
            "mapid": 317
        }
    },
    {
        "model": "ffxivbot.territory",
        "pk": 176,
        "fields": {
            "name": "塞尔法特尔溪谷",
            "nickname": "[]",
            "weather_rate": 40,
            "mapid": 313
        }
    },
    {
        "model": "ffxivbot.territory",
        "pk": 177,
        "fields": {
            "name": "中桅塔大厅",
            "nickname": "[]",
            "weather_rate": 0,
            "mapid": 320
        }
    },
    {
        "model": "ffxivbot.territory",
        "pk": 178,
        "fields": {
            "name": "百合岭大厅",
            "nickname": "[]",
            "weather_rate": 0,
            "mapid": 321
        }
    },
    {
        "model": "ffxivbot.territory",
        "pk": 179,
        "fields": {
            "name": "娜娜莫大风车大厅",
            "nickname": "[]",
            "weather_rate": 0,
            "mapid": 322
        }
    },
    {
        "model": "ffxivbot.territory",
        "pk": 180,
        "fields": {
            "name": "抑制绝境P1T6",
            "nickname": "[]",
            "weather_rate": 69,
            "mapid": 334
        }
    },
    {
        "model": "ffxivbot.territory",
        "pk": 181,
        "fields": {
            "name": "幻卡对局室",
            "nickname": "[]",
            "weather_rate": 0,
            "mapid": 295
        }
    },
    {
        "model": "ffxivbot.territory",
        "pk": 182,
        "fields": {
            "name": "亚历山大之眼",
            "nickname": "[]",
            "weather_rate": 0,
            "mapid": 326
        }
    },
    {
        "model": "ffxivbot.territory",
        "pk": 183,
        "fields": {
            "name": "亚历山大之息",
            "nickname": "[]",
            "weather_rate": 0,
            "mapid": 328
        }
    },
    {
        "model": "ffxivbot.territory",
        "pk": 184,
        "fields": {
            "name": "亚历山大之心",
            "nickname": "[]",
            "weather_rate": 0,
            "mapid": 330
        }
    },
    {
        "model": "ffxivbot.territory",
        "pk": 185,
        "fields": {
            "name": "亚历山大之魂",
            "nickname": "[]",
            "weather_rate": 0,
            "mapid": 332
        }
    },
    {
        "model": "ffxivbot.territory",
        "pk": 186,
        "fields": {
            "name": "中桅塔房间",
            "nickname": "[]",
            "weather_rate": 0,
            "mapid": 323
        }
    },
    {
        "model": "ffxivbot.territory",
        "pk": 187,
        "fields": {
            "name": "百合岭房间",
            "nickname": "[]",
            "weather_rate": 0,
            "mapid": 324
        }
    },
    {
        "model": "ffxivbot.territory",
        "pk": 188,
        "fields": {
            "name": "娜娜莫大风车房间",
            "nickname": "[]",
            "weather_rate": 0,
            "mapid": 325
        }
    },
    {
        "model": "ffxivbot.territory",
        "pk": 189,
        "fields": {
            "name": "福隆戴尔药学院儿科病房",
            "nickname": "[]",
            "weather_rate": 0,
            "mapid": 335
        }
    },
    {
        "model": "ffxivbot.territory",
        "pk": 190,
        "fields": {
            "name": "基拉巴尼亚边区",
            "nickname": "[]",
            "weather_rate": 79,
            "mapid": 367
        }
    },
    {
        "model": "ffxivbot.territory",
        "pk": 191,
        "fields": {
            "name": "红玉海",
            "nickname": "[]",
            "weather_rate": 83,
            "mapid": 371
        }
    },
    {
        "model": "ffxivbot.territory",
        "pk": 192,
        "fields": {
            "name": "延夏",
            "nickname": "[]",
            "weather_rate": 84,
            "mapid": 354
        }
    },
    {
        "model": "ffxivbot.territory",
        "pk": 193,
        "fields": {
            "name": "巴埃萨长城",
            "nickname": "[]",
            "weather_rate": 40,
            "mapid": 337
        }
    },
    {
        "model": "ffxivbot.territory",
        "pk": 194,
        "fields": {
            "name": "紫水宫",
            "nickname": "[]",
            "weather_rate": 0,
            "mapid": 336
        }
    },
    {
        "model": "ffxivbot.territory",
        "pk": 195,
        "fields": {
            "name": "基拉巴尼亚山区",
            "nickname": "[]",
            "weather_rate": 80,
            "mapid": 368
        }
    },
    {
        "model": "ffxivbot.territory",
        "pk": 196,
        "fields": {
            "name": "基拉巴尼亚湖区",
            "nickname": "[]",
            "weather_rate": 81,
            "mapid": 369
        }
    },
    {
        "model": "ffxivbot.territory",
        "pk": 197,
        "fields": {
            "name": "太阳神草原",
            "nickname": "[]",
            "weather_rate": 85,
            "mapid": 372
        }
    },
    {
        "model": "ffxivbot.territory",
        "pk": 198,
        "fields": {
            "name": "巴儿达木霸道",
            "nickname": "[]",
            "weather_rate": 0,
            "mapid": 375
        }
    },
    {
        "model": "ffxivbot.territory",
        "pk": 199,
        "fields": {
            "name": "妖歌海",
            "nickname": "[]",
            "weather_rate": 36,
            "mapid": 359
        }
    },
    {
        "model": "ffxivbot.territory",
        "pk": 200,
        "fields": {
            "name": "影之国",
            "nickname": "[]",
            "weather_rate": 58,
            "mapid": 343
        }
    },
    {
        "model": "ffxivbot.territory",
        "pk": 201,
        "fields": {
            "name": "黄金港",
            "nickname": "[]",
            "weather_rate": 82,
            "mapid": 370
        }
    },
    {
        "model": "ffxivbot.territory",
        "pk": 202,
        "fields": {
            "name": "望海楼",
            "nickname": "[]",
            "weather_rate": 82,
            "mapid": 380
        }
    },
    {
        "model": "ffxivbot.territory",
        "pk": 203,
        "fields": {
            "name": "地衣宫演习场",
            "nickname": "[]",
            "weather_rate": 73,
            "mapid": 349
        }
    },
    {
        "model": "ffxivbot.territory",
        "pk": 204,
        "fields": {
            "name": "神拳痕",
            "nickname": "[]",
            "weather_rate": 78,
            "mapid": 366
        }
    },
    {
        "model": "ffxivbot.territory",
        "pk": 205,
        "fields": {
            "name": "欧米茄控制室",
            "nickname": "[]",
            "weather_rate": 0,
            "mapid": 355
        }
    },
    {
        "model": "ffxivbot.territory",
        "pk": 206,
        "fields": {
            "name": "抑制绝境Z1T9",
            "nickname": "[]",
            "weather_rate": 75,
            "mapid": 353
        }
    },
    {
        "model": "ffxivbot.territory",
        "pk": 207,
        "fields": {
            "name": "乌尔达哈商会馆接待室",
            "nickname": "[]",
            "weather_rate": 0,
            "mapid": 377
        }
    },
    {
        "model": "ffxivbot.territory",
        "pk": 208,
        "fields": {
            "name": "白银乡",
            "nickname": "[]",
            "weather_rate": 82,
            "mapid": 364
        }
    },
    {
        "model": "ffxivbot.territory",
        "pk": 209,
        "fields": {
            "name": "白银乡私人小屋",
            "nickname": "[]",
            "weather_rate": 0,
            "mapid": 425
        }
    },
    {
        "model": "ffxivbot.territory",
        "pk": 210,
        "fields": {
            "name": "白银乡私人公馆",
            "nickname": "[]",
            "weather_rate": 0,
            "mapid": 427
        }
    },
    {
        "model": "ffxivbot.territory",
        "pk": 211,
        "fields": {
            "name": "白银乡私人别墅",
            "nickname": "[]",
            "weather_rate": 0,
            "mapid": 430
        }
    },
    {
        "model": "ffxivbot.territory",
        "pk": 212,
        "fields": {
            "name": "白银乡个人房间",
            "nickname": "[]",
            "weather_rate": 0,
            "mapid": 434
        }
    },
    {
        "model": "ffxivbot.territory",
        "pk": 213,
        "fields": {
            "name": "白银乡部队工房",
            "nickname": "[]",
            "weather_rate": 0,
            "mapid": 433
        }
    },
    {
        "model": "ffxivbot.territory",
        "pk": 214,
        "fields": {
            "name": "红梅御殿大厅",
            "nickname": "[]",
            "weather_rate": 0,
            "mapid": 388
        }
    },
    {
        "model": "ffxivbot.territory",
        "pk": 215,
        "fields": {
            "name": "红梅御殿房间",
            "nickname": "[]",
            "weather_rate": 0,
            "mapid": 438
        }
    },
    {
        "model": "ffxivbot.territory",
        "pk": 216,
        "fields": {
            "name": "时空狭缝",
            "nickname": "[]",
            "weather_rate": 92,
            "mapid": 445
        }
    },
    {
        "model": "ffxivbot.territory",
        "pk": 217,
        "fields": {
            "name": "多玛王城",
            "nickname": "[]",
            "weather_rate": 0,
            "mapid": 396
        }
    },
    {
        "model": "ffxivbot.territory",
        "pk": 218,
        "fields": {
            "name": "帝国白山堡",
            "nickname": "[]",
            "weather_rate": 0,
            "mapid": 397
        }
    },
    {
        "model": "ffxivbot.territory",
        "pk": 219,
        "fields": {
            "name": "黄金阁",
            "nickname": "[]",
            "weather_rate": 0,
            "mapid": 360
        }
    },
    {
        "model": "ffxivbot.territory",
        "pk": 220,
        "fields": {
            "name": "星导寺",
            "nickname": "[]",
            "weather_rate": 0,
            "mapid": 362
        }
    },
    {
        "model": "ffxivbot.territory",
        "pk": 221,
        "fields": {
            "name": "宝物殿",
            "nickname": "[]",
            "weather_rate": 77,
            "mapid": 400
        }
    },
    {
        "model": "ffxivbot.territory",
        "pk": 222,
        "fields": {
            "name": "阿拉米格王立飞空艇着陆场",
            "nickname": "[]",
            "weather_rate": 76,
            "mapid": 405
        }
    },
    {
        "model": "ffxivbot.territory",
        "pk": 223,
        "fields": {
            "name": "惨境号",
            "nickname": "[]",
            "weather_rate": 36,
            "mapid": 376
        }
    },
    {
        "model": "ffxivbot.territory",
        "pk": 224,
        "fields": {
            "name": "烈士庵",
            "nickname": "[]",
            "weather_rate": 84,
            "mapid": 378
        }
    },
    {
        "model": "ffxivbot.territory",
        "pk": 225,
        "fields": {
            "name": "多玛飞地",
            "nickname": "[]",
            "weather_rate": 84,
            "mapid": 379
        }
    },
    {
        "model": "ffxivbot.territory",
        "pk": 226,
        "fields": {
            "name": "天母寝宫地下祭坛",
            "nickname": "[]",
            "weather_rate": 0,
            "mapid": 381
        }
    },
    {
        "model": "ffxivbot.territory",
        "pk": 227,
        "fields": {
            "name": "德尔塔幻境1",
            "nickname": "[]",
            "weather_rate": 88,
            "mapid": 390
        }
    },
    {
        "model": "ffxivbot.territory",
        "pk": 228,
        "fields": {
            "name": "德尔塔幻境2",
            "nickname": "[]",
            "weather_rate": 88,
            "mapid": 391
        }
    },
    {
        "model": "ffxivbot.territory",
        "pk": 229,
        "fields": {
            "name": "德尔塔幻境3",
            "nickname": "[]",
            "weather_rate": 88,
            "mapid": 392
        }
    },
    {
        "model": "ffxivbot.territory",
        "pk": 230,
        "fields": {
            "name": "德尔塔幻境4",
            "nickname": "[]",
            "weather_rate": 88,
            "mapid": 394
        }
    },
    {
        "model": "ffxivbot.territory",
        "pk": 231,
        "fields": {
            "name": "乌兹奈藏宝运河",
            "nickname": "[]",
            "weather_rate": 0,
            "mapid": 408
        }
    },
    {
        "model": "ffxivbot.territory",
        "pk": 232,
        "fields": {
            "name": "美神地下神殿",
            "nickname": "[]",
            "weather_rate": 87,
            "mapid": 399
        }
    },
    {
        "model": "ffxivbot.territory",
        "pk": 233,
        "fields": {
            "name": "阿拉米格王宫屋顶庭园",
            "nickname": "[]",
            "weather_rate": 0,
            "mapid": 383
        }
    },
    {
        "model": "ffxivbot.territory",
        "pk": 234,
        "fields": {
            "name": "距骨研究所",
            "nickname": "[]",
            "weather_rate": 0,
            "mapid": 412
        }
    },
    {
        "model": "ffxivbot.territory",
        "pk": 235,
        "fields": {
            "name": "结晶化空间",
            "nickname": "[]",
            "weather_rate": 76,
            "mapid": 435
        }
    },
    {
        "model": "ffxivbot.territory",
        "pk": 236,
        "fields": {
            "name": "沉没神殿斯卡拉遗迹",
            "nickname": "[]",
            "weather_rate": 0,
            "mapid": 413
        }
    },
    {
        "model": "ffxivbot.territory",
        "pk": 237,
        "fields": {
            "name": "优雷卡常风之地",
            "nickname": "[\"常风之地\"]",
            "weather_rate": 91,
            "mapid": 414
        }
    },
    {
        "model": "ffxivbot.territory",
        "pk": 238,
        "fields": {
            "name": "巴哈姆特大迷宫",
            "nickname": "[]",
            "weather_rate": 0,
            "mapid": 416
        }
    },
    {
        "model": "ffxivbot.territory",
        "pk": 239,
        "fields": {
            "name": "失落之都拉巴纳斯塔",
            "nickname": "[]",
            "weather_rate": 0,
            "mapid": 422
        }
    },
    {
        "model": "ffxivbot.territory",
        "pk": 240,
        "fields": {
            "name": "剧场艇初见号道具间",
            "nickname": "[]",
            "weather_rate": 0,
            "mapid": 420
        }
    },
    {
        "model": "ffxivbot.territory",
        "pk": 241,
        "fields": {
            "name": "剧场艇初见号舰桥",
            "nickname": "[]",
            "weather_rate": 0,
            "mapid": 421
        }
    },
    {
        "model": "ffxivbot.territory",
        "pk": 242,
        "fields": {
            "name": "阿拉米格王宫",
            "nickname": "[]",
            "weather_rate": 0,
            "mapid": 417
        }
    },
    {
        "model": "ffxivbot.territory",
        "pk": 243,
        "fields": {
            "name": "超越技术研究所",
            "nickname": "[]",
            "weather_rate": 0,
            "mapid": 419
        }
    },
    {
        "model": "ffxivbot.territory",
        "pk": 244,
        "fields": {
            "name": "狱之盖",
            "nickname": "[]",
            "weather_rate": 0,
            "mapid": 439
        }
    },
    {
        "model": "ffxivbot.territory",
        "pk": 245,
        "fields": {
            "name": "归燕馆",
            "nickname": "[]",
            "weather_rate": 0,
            "mapid": 461
        }
    },
    {
        "model": "ffxivbot.territory",
        "pk": 246,
        "fields": {
            "name": "水晶塔演习场",
            "nickname": "[]",
            "weather_rate": 90,
            "mapid": 440
        }
    },
    {
        "model": "ffxivbot.territory",
        "pk": 247,
        "fields": {
            "name": "白帝竹林",
            "nickname": "[]",
            "weather_rate": 93,
            "mapid": 450
        }
    },
    {
        "model": "ffxivbot.territory",
        "pk": 248,
        "fields": {
            "name": "西格玛幻境1",
            "nickname": "[]",
            "weather_rate": 92,
            "mapid": 446
        }
    },
    {
        "model": "ffxivbot.territory",
        "pk": 249,
        "fields": {
            "name": "西格玛幻境2",
            "nickname": "[]",
            "weather_rate": 92,
            "mapid": 447
        }
    },
    {
        "model": "ffxivbot.territory",
        "pk": 250,
        "fields": {
            "name": "西格玛幻境3",
            "nickname": "[]",
            "weather_rate": 92,
            "mapid": 448
        }
    },
    {
        "model": "ffxivbot.territory",
        "pk": 251,
        "fields": {
            "name": "西格玛幻境4",
            "nickname": "[]",
            "weather_rate": 92,
            "mapid": 449
        }
    },
    {
        "model": "ffxivbot.territory",
        "pk": 252,
        "fields": {
            "name": "大草原猎场",
            "nickname": "[]",
            "weather_rate": 0,
            "mapid": 468
        }
    },
    {
        "model": "ffxivbot.territory",
        "pk": 253,
        "fields": {
            "name": "优雷卡恒冰之地",
            "nickname": "[\"恒冰之地\"]",
            "weather_rate": 94,
            "mapid": 467
        }
    },
    {
        "model": "ffxivbot.territory",
        "pk": 254,
        "fields": {
            "name": "醴泉神社",
            "nickname": "[]",
            "weather_rate": 0,
            "mapid": 462
        }
    },
    {
        "model": "ffxivbot.territory",
        "pk": 255,
        "fields": {
            "name": "岩燕庙",
            "nickname": "[]",
            "weather_rate": 0,
            "mapid": 464
        }
    },
    {
        "model": "ffxivbot.territory",
        "pk": 256,
        "fields": {
            "name": "终末焦土",
            "nickname": "[]",
            "weather_rate": 0,
            "mapid": 478
        }
    },
    {
        "model": "ffxivbot.territory",
        "pk": 257,
        "fields": {
            "name": "天之御柱",
            "nickname": "[]",
            "weather_rate": 0,
            "mapid": 0
        }
    },
    {
        "model": "ffxivbot.territory",
        "pk": 258,
        "fields": {
            "name": "封闭圣塔黎铎拉纳大灯塔",
            "nickname": "[]",
            "weather_rate": 0,
            "mapid": 470
        }
    },
    {
        "model": "ffxivbot.territory",
        "pk": 259,
        "fields": {
            "name": "禁绝幻想",
            "nickname": "[]",
            "weather_rate": 26,
            "mapid": 475
        }
    },
    {
        "model": "ffxivbot.territory",
        "pk": 260,
        "fields": {
            "name": "帝国河畔堡",
            "nickname": "[]",
            "weather_rate": 0,
            "mapid": 476
        }
    },
    {
        "model": "ffxivbot.territory",
        "pk": 261,
        "fields": {
            "name": "醴泉神社神道",
            "nickname": "[]",
            "weather_rate": 0,
            "mapid": 469
        }
    },
    {
        "model": "ffxivbot.territory",
        "pk": 262,
        "fields": {
            "name": "黎铎拉纳大瀑布",
            "nickname": "[]",
            "weather_rate": 0,
            "mapid": 483
        }
    },
    {
        "model": "ffxivbot.territory",
        "pk": 263,
        "fields": {
            "name": "优雷卡涌火之地",
            "nickname": "[\"涌火之地\",\"涌火\",\"永火\"]",
            "weather_rate": 96,
            "mapid": 484
        }
    },
    {
        "model": "ffxivbot.territory",
        "pk": 264,
        "fields": {
            "name": "优雷卡丰水之地",
            "nickname": "[\"丰水之地\",\"丰水\",\"喷水\",\"滋水\"]",
            "weather_rate": 100,
            "mapid": 515
        }
    },
    {
        "model": "ffxivbot.territory",
        "pk": 265,
        "fields": {
            "name": "5.0狩猎",
            "nickname": "[]",
            "weather_rate": 0,
            "mapid": 0
        }
    },
    {
        "model": "ffxivbot.territory",
        "pk": 266,
        "fields": {
            "name": "黄金大桥",
            "nickname": "[]",
            "weather_rate": 0,
            "mapid": 489
        }
    },
    {
        "model": "ffxivbot.territory",
        "pk": 267,
        "fields": {
            "name": "妖灵王舞场",
            "nickname": "[]",
            "weather_rate": 103,
            "mapid": 556
        }
    },
    {
        "model": "ffxivbot.territory",
        "pk": 268,
        "fields": {
            "name": "隐塞",
            "nickname": "[]",
            "weather_rate": 0,
            "mapid": 488
        }
    },
    {
        "model": "ffxivbot.territory",
        "pk": 269,
        "fields": {
            "name": "贝拉哈迪亚遗迹风格运动设施",
            "nickname": "[]",
            "weather_rate": 0,
            "mapid": 507
        }
    },
    {
        "model": "ffxivbot.territory",
        "pk": 270,
        "fields": {
            "name": "基姆利特暗区",
            "nickname": "[]",
            "weather_rate": 0,
            "mapid": 500
        }
    },
    {
        "model": "ffxivbot.territory",
        "pk": 271,
        "fields": {
            "name": "乌兹奈藏宝运河神殿",
            "nickname": "[]",
            "weather_rate": 0,
            "mapid": 499
        }
    },
    {
        "model": "ffxivbot.territory",
        "pk": 272,
        "fields": {
            "name": "天青斗场",
            "nickname": "[]",
            "weather_rate": 0,
            "mapid": 490
        }
    },
    {
        "model": "ffxivbot.territory",
        "pk": 273,
        "fields": {
            "name": "普西幻境1",
            "nickname": "[]",
            "weather_rate": 92,
            "mapid": 485
        }
    },
    {
        "model": "ffxivbot.territory",
        "pk": 274,
        "fields": {
            "name": "普西幻境2",
            "nickname": "[]",
            "weather_rate": 92,
            "mapid": 501
        }
    },
    {
        "model": "ffxivbot.territory",
        "pk": 275,
        "fields": {
            "name": "狱之底",
            "nickname": "[]",
            "weather_rate": 98,
            "mapid": 503
        }
    },
    {
        "model": "ffxivbot.territory",
        "pk": 276,
        "fields": {
            "name": "雷克兰德",
            "nickname": "[]",
            "weather_rate": 106,
            "mapid": 491
        }
    },
    {
        "model": "ffxivbot.territory",
        "pk": 277,
        "fields": {
            "name": "珂露西亚岛",
            "nickname": "[]",
            "weather_rate": 107,
            "mapid": 492
        }
    },
    {
        "model": "ffxivbot.territory",
        "pk": 278,
        "fields": {
            "name": "安穆·艾兰",
            "nickname": "[]",
            "weather_rate": 108,
            "mapid": 493
        }
    },
    {
        "model": "ffxivbot.territory",
        "pk": 279,
        "fields": {
            "name": "伊尔美格",
            "nickname": "[]",
            "weather_rate": 109,
            "mapid": 494
        }
    },
    {
        "model": "ffxivbot.territory",
        "pk": 280,
        "fields": {
            "name": "拉凯提卡大森林",
            "nickname": "[]",
            "weather_rate": 110,
            "mapid": 495
        }
    },
    {
        "model": "ffxivbot.territory",
        "pk": 281,
        "fields": {
            "name": "黑风海",
            "nickname": "[]",
            "weather_rate": 111,
            "mapid": 496
        }
    },
    {
        "model": "ffxivbot.territory",
        "pk": 282,
        "fields": {
            "name": "水晶都",
            "nickname": "[]",
            "weather_rate": 112,
            "mapid": 497
        }
    },
    {
        "model": "ffxivbot.territory",
        "pk": 283,
        "fields": {
            "name": "游末邦",
            "nickname": "[]",
            "weather_rate": 113,
            "mapid": 498
        }
    },
    {
        "model": "ffxivbot.territory",
        "pk": 284,
        "fields": {
            "name": "多恩美格禁园",
            "nickname": "[]",
            "weather_rate": 0,
            "mapid": 528
        }
    },
    {
        "model": "ffxivbot.territory",
        "pk": 285,
        "fields": {
            "name": "格鲁格火山",
            "nickname": "[]",
            "weather_rate": 102,
            "mapid": 536
        }
    },
    {
        "model": "ffxivbot.territory",
        "pk": 286,
        "fields": {
            "name": "奇坦那神影洞",
            "nickname": "[]",
            "weather_rate": 102,
            "mapid": 510
        }
    },
    {
        "model": "ffxivbot.territory",
        "pk": 287,
        "fields": {
            "name": "蛇神大社",
            "nickname": "[]",
            "weather_rate": 99,
            "mapid": 516
        }
    },
    {
        "model": "ffxivbot.territory",
        "pk": 288,
        "fields": {
            "name": "乐欲之所瓯博讷修道院",
            "nickname": "[]",
            "weather_rate": 0,
            "mapid": 512
        }
    },
    {
        "model": "ffxivbot.territory",
        "pk": 289,
        "fields": {
            "name": "艾欧泽亚同盟军大本营",
            "nickname": "[]",
            "weather_rate": 0,
            "mapid": 518
        }
    },
    {
        "model": "ffxivbot.territory",
        "pk": 290,
        "fields": {
            "name": "曼德维尔魔导方城",
            "nickname": "[]",
            "weather_rate": 0,
            "mapid": 0
        }
    },
    {
        "model": "ffxivbot.territory",
        "pk": 291,
        "fields": {
            "name": "马利卡大井",
            "nickname": "[]",
            "weather_rate": 102,
            "mapid": 540
        }
    },
    {
        "model": "ffxivbot.territory",
        "pk": 292,
        "fields": {
            "name": "水滩村",
            "nickname": "[]",
            "weather_rate": 102,
            "mapid": 544
        }
    },
    {
        "model": "ffxivbot.territory",
        "pk": 293,
        "fields": {
            "name": "亚马乌罗提",
            "nickname": "[]",
            "weather_rate": 105,
            "mapid": 532
        }
    },
    {
        "model": "ffxivbot.territory",
        "pk": 294,
        "fields": {
            "name": "希尔科斯孪晶塔",
            "nickname": "[]",
            "weather_rate": 0,
            "mapid": 530
        }
    },
    {
        "model": "ffxivbot.territory",
        "pk": 295,
        "fields": {
            "name": "阿尼德罗学院",
            "nickname": "[]",
            "weather_rate": 0,
            "mapid": 538
        }
    },
    {
        "model": "ffxivbot.territory",
        "pk": 296,
        "fields": {
            "name": "希尔科斯峡谷",
            "nickname": "[]",
            "weather_rate": 0,
            "mapid": 545
        }
    },
    {
        "model": "ffxivbot.territory",
        "pk": 297,
        "fields": {
            "name": "悬挂公馆起居室",
            "nickname": "[]",
            "weather_rate": 112,
            "mapid": 546
        }
    },
    {
        "model": "ffxivbot.territory",
        "pk": 298,
        "fields": {
            "name": "观星室",
            "nickname": "[]",
            "weather_rate": 0,
            "mapid": 547
        }
    },
    {
        "model": "ffxivbot.territory",
        "pk": 299,
        "fields": {
            "name": "完璧王座",
            "nickname": "[]",
            "weather_rate": 104,
            "mapid": 557
        }
    },
    {
        "model": "ffxivbot.territory",
        "pk": 300,
        "fields": {
            "name": "末日亚马乌罗提",
            "nickname": "[]",
            "weather_rate": 105,
            "mapid": 558
        }
    },
    {
        "model": "ffxivbot.territory",
        "pk": 301,
        "fields": {
            "name": "伊甸内核",
            "nickname": "[]",
            "weather_rate": 0,
            "mapid": 559
        }
    },
    {
        "model": "ffxivbot.territory",
        "pk": 302,
        "fields": {
            "name": "伊甸甲板",
            "nickname": "[]",
            "weather_rate": 0,
            "mapid": 560
        }
    },
    {
        "model": "ffxivbot.territory",
        "pk": 303,
        "fields": {
            "name": "涅柔斯海渊",
            "nickname": "[]",
            "weather_rate": 38,
            "mapid": 561
        }
    },
    {
        "model": "ffxivbot.territory",
        "pk": 304,
        "fields": {
            "name": "阿特拉斯山顶",
            "nickname": "[]",
            "weather_rate": 23,
            "mapid": 562
        }
    },
    {
        "model": "ffxivbot.territory",
        "pk": 305,
        "fields": {
            "name": "大图帕萨礼拜堂",
            "nickname": "[]",
            "weather_rate": 102,
            "mapid": 553
        }
    },
    {
        "model": "ffxivbot.territory",
        "pk": 306,
        "fields": {
            "name": "拿巴示矿山",
            "nickname": "[]",
            "weather_rate": 0,
            "mapid": 493
        }
    },
    {
        "model": "ffxivbot.territory",
        "pk": 307,
        "fields": {
            "name": "空无大地",
            "nickname": "[]",
            "weather_rate": 0,
            "mapid": 565
        }
    },
    {
        "model": "ffxivbot.territory",
        "pk": 308,
        "fields": {
            "name": "梦羽宝境",
            "nickname": "[]",
            "weather_rate": 0,
            "mapid": 563
        }
    },
    {
        "model": "ffxivbot.territory",
        "pk": 309,
        "fields": {
            "name": "复制工厂废墟",
            "nickname": "[]",
            "weather_rate": 0,
            "mapid": 569
        }
    },
    {
        "model": "ffxivbot.territory",
        "pk": 310,
        "fields": {
            "name": "宇宙宫",
            "nickname": "[]",
            "weather_rate": 0,
            "mapid": 567
        }
    },
    {
        "model": "ffxivbot.territory",
        "pk": 311,
        "fields": {
            "name": "天穹街",
            "nickname": "[]",
            "weather_rate": 47,
            "mapid": 574
        }
    },
    {
        "model": "ffxivbot.territory",
        "pk": 312,
        "fields": {
            "name": "差分闭合宇宙",
            "nickname": "[]",
            "weather_rate": 0,
            "mapid": 573
        }
    },
    {
        "model": "ffxivbot.territory",
        "pk": 313,
        "fields": {
            "name": "昂萨哈凯尔",
            "nickname": "[]",
            "weather_rate": 117,
            "mapid": 568
        }
    },
    {
        "model": "ffxivbot.territory",
        "pk": 314,
        "fields": {
            "name": "丽耶美格梦园",
            "nickname": "[]",
            "weather_rate": 40,
            "mapid": 576
        }
    },
    {
        "model": "ffxivbot.territory",
        "pk": 315,
        "fields": {
            "name": "帝都魔导城",
            "nickname": "[]",
            "weather_rate": 0,
            "mapid": 577
        }
    },
    {
        "model": "ffxivbot.territory",
        "pk": 316,
        "fields": {
            "name": "机械遗迹坑道",
            "nickname": "[]",
            "weather_rate": 0,
            "mapid": 575
        }
    }
]