[
    {
        "model": "ffxivbot.weatherrate",
        "pk": 0,
        "fields": {
            "rate": "[[2, 100]]"
        }
    },
    {
        "model": "ffxivbot.weatherrate",
        "pk": 1,
        "fields": {
            "rate": "[[7, 5], [7, 15], [4, 10], [3, 10], [2, 15], [1, 30], [2, 15]]"
        }
    },
    {
        "model": "ffxivbot.weatherrate",
        "pk": 2,
        "fields": {
            "rate": "[[7, 5], [7, 15], [4, 10], [3, 10], [2, 15], [1, 30], [2, 15]]"
        }
    },
    {
        "model": "ffxivbot.weatherrate",
        "pk": 3,
        "fields": {
            "rate": "[[9, 5], [7, 15], [4, 10], [3, 10], [2, 15], [1, 30], [2, 15]]"
        }
    },
    {
        "model": "ffxivbot.weatherrate",
        "pk": 4,
        "fields": {
            "rate": "[[9, 5], [7, 15], [4, 10], [3, 10], [2, 15], [1, 30], [2, 15]]"
        }
    },
    {
        "model": "ffxivbot.weatherrate",
        "pk": 5,
        "fields": {
            "rate": "[[4, 5], [10, 5], [9, 15], [4, 5], [3, 10], [2, 30], [1, 30]]"
        }
    },
    {
        "model": "ffxivbot.weatherrate",
        "pk": 6,
        "fields": {
            "rate": "[[4, 5], [8, 5], [7, 15], [4, 5], [3, 10], [2, 30], [1, 30]]"
        }
    },
    {
        "model": "ffxivbot.weatherrate",
        "pk": 7,
        "fields": {
            "rate": "[[1, 40], [2, 20], [3, 25], [4, 10], [7, 5]]"
        }
    },
    {
        "model": "ffxivbot.weatherrate",
        "pk": 8,
        "fields": {
            "rate": "[[1, 40], [2, 20], [3, 25], [4, 10], [7, 5]]"
        }
    },
    {
        "model": "ffxivbot.weatherrate",
        "pk": 9,
        "fields": {
            "rate": "[[1, 40], [2, 20], [3, 25], [4, 10], [7, 5]]"
        }
    },
    {
        "model": "ffxivbot.weatherrate",
        "pk": 10,
        "fields": {
            "rate": "[[11, 15], [1, 40], [2, 20], [3, 10], [4, 10], [7, 5]]"
        }
    },
    {
        "model": "ffxivbot.weatherrate",
        "pk": 11,
        "fields": {
            "rate": "[[1, 40], [2, 20], [3, 10], [4, 10], [7, 5], [8, 15]]"
        }
    },
    {
        "model": "ffxivbot.weatherrate",
        "pk": 12,
        "fields": {
            "rate": "[[14, 20], [1, 40], [2, 20], [3, 10], [4, 10]]"
        }
    },
    {
        "model": "ffxivbot.weatherrate",
        "pk": 13,
        "fields": {
            "rate": "[[1, 5], [2, 15], [3, 30], [4, 50]]"
        }
    },
    {
        "model": "ffxivbot.weatherrate",
        "pk": 14,
        "fields": {
            "rate": "[[3, 20], [1, 30], [2, 30], [4, 10], [7, 10]]"
        }
    },
    {
        "model": "ffxivbot.weatherrate",
        "pk": 15,
        "fields": {
            "rate": "[[3, 20], [1, 30], [2, 30], [4, 10], [7, 10]]"
        }
    },
    {
        "model": "ffxivbot.weatherrate",
        "pk": 16,
        "fields": {
            "rate": "[[3, 20], [1, 30], [2, 20], [5, 10], [4, 10], [7, 10]]"
        }
    },
    {
        "model": "ffxivbot.weatherrate",
        "pk": 17,
        "fields": {
            "rate": "[[3, 20], [1, 30], [2, 20], [5, 10], [4, 10], [7, 10]]"
        }
    },
    {
        "model": "ffxivbot.weatherrate",
        "pk": 18,
        "fields": {
            "rate": "[[4, 5], [1, 45], [2, 30], [3, 10], [7, 5], [8, 5]]"
        }
    },
    {
        "model": "ffxivbot.weatherrate",
        "pk": 19,
        "fields": {
            "rate": "[[4, 10], [1, 30], [2, 20], [3, 20], [5, 10], [6, 10]]"
        }
    },
    {
        "model": "ffxivbot.weatherrate",
        "pk": 20,
        "fields": {
            "rate": "[[1, 30], [2, 20], [3, 20], [4, 10], [9, 10], [10, 10]]"
        }
    },
    {
        "model": "ffxivbot.weatherrate",
        "pk": 21,
        "fields": {
            "rate": "[[16, 20], [15, 40], [2, 10], [1, 5], [3, 15], [4, 10]]"
        }
    },
    {
        "model": "ffxivbot.weatherrate",
        "pk": 22,
        "fields": {
            "rate": "[[3, 15], [4, 15], [17, 30], [1, 15], [2, 25]]"
        }
    },
    {
        "model": "ffxivbot.weatherrate",
        "pk": 23,
        "fields": {
            "rate": "[[29, 100]]"
        }
    },
    {
        "model": "ffxivbot.weatherrate",
        "pk": 24,
        "fields": {
            "rate": "[[1, 30], [2, 20], [3, 20], [4, 15], [7, 15]]"
        }
    },
    {
        "model": "ffxivbot.weatherrate",
        "pk": 25,
        "fields": {
            "rate": "[[26, 100]]"
        }
    },
    {
        "model": "ffxivbot.weatherrate",
        "pk": 26,
        "fields": {
            "rate": "[[28, 100]]"
        }
    },
    {
        "model": "ffxivbot.weatherrate",
        "pk": 27,
        "fields": {
            "rate": "[[15, 100]]"
        }
    },
    {
        "model": "ffxivbot.weatherrate",
        "pk": 28,
        "fields": {
            "rate": "[[3, 100]]"
        }
    },
    {
        "model": "ffxivbot.weatherrate",
        "pk": 29,
        "fields": {
            "rate": "[[3, 20], [1, 30], [2, 30], [4, 10], [10, 10]]"
        }
    },
    {
        "model": "ffxivbot.weatherrate",
        "pk": 30,
        "fields": {
            "rate": "[[27, 100]]"
        }
    },
    {
        "model": "ffxivbot.weatherrate",
        "pk": 31,
        "fields": {
            "rate": "[[25, 100]]"
        }
    },
    {
        "model": "ffxivbot.weatherrate",
        "pk": 32,
        "fields": {
            "rate": "[[3, 20], [1, 30], [2, 20], [2, 10], [4, 10], [7, 10]]"
        }
    },
    {
        "model": "ffxivbot.weatherrate",
        "pk": 33,
        "fields": {
            "rate": "[[1, 40], [2, 20], [3, 25], [4, 10], [7, 5]]"
        }
    },
    {
        "model": "ffxivbot.weatherrate",
        "pk": 34,
        "fields": {
            "rate": "[[3, 5], [7, 15], [4, 10], [3, 10], [2, 15], [1, 30], [2, 15]]"
        }
    },
    {
        "model": "ffxivbot.weatherrate",
        "pk": 35,
        "fields": {
            "rate": "[[15, 100]]"
        }
    },
    {
        "model": "ffxivbot.weatherrate",
        "pk": 36,
        "fields": {
            "rate": "[[5, 100]]"
        }
    },
    {
        "model": "ffxivbot.weatherrate",
        "pk": 37,
        "fields": {
            "rate": "[[9, 100]]"
        }
    },
    {
        "model": "ffxivbot.weatherrate",
        "pk": 38,
        "fields": {
            "rate": "[[23, 100]]"
        }
    },
    {
        "model": "ffxivbot.weatherrate",
        "pk": 39,
        "fields": {
            "rate": "[[24, 100]]"
        }
    },
    {
        "model": "ffxivbot.weatherrate",
        "pk": 40,
        "fields": {
            "rate": "[[4, 100]]"
        }
    },
    {
        "model": "ffxivbot.weatherrate",
        "pk": 41,
        "fields": {
            "rate": "[[11, 100]]"
        }
    },
    {
        "model": "ffxivbot.weatherrate",
        "pk": 42,
        "fields": {
            "rate": "[[16, 100]]"
        }
    },
    {
        "model": "ffxivbot.weatherrate",
        "pk": 43,
        "fields": {
            "rate": "[[22, 100]]"
        }
    },
    {
        "model": "ffxivbot.weatherrate",
        "pk": 44,
        "fields": {
            "rate": "[[36, 100]]"
        }
    },
    {
        "model": "ffxivbot.weatherrate",
        "pk": 45,
        "fields": {
            "rate": "[[20, 100]]"
        }
    },
    {
        "model": "ffxivbot.weatherrate",
        "pk": 46,
        "fields": {
            "rate": "[[35, 100]]"
        }
    },
    {
        "model": "ffxivbot.weatherrate",
        "pk": 47,
        "fields": {
            "rate": "[[15, 60], [2, 10], [1, 5], [3, 15], [4, 10]]"
        }
    },
    {
        "model": "ffxivbot.weatherrate",
        "pk": 48,
        "fields": {
            "rate": "[[15, 60], [2, 10], [1, 5], [3, 15], [4, 10]]"
        }
    },
    {
        "model": "ffxivbot.weatherrate",
        "pk": 49,
        "fields": {
            "rate": "[[16, 20], [15, 40], [2, 10], [1, 5], [3, 15], [4, 10]]"
        }
    },
    {
        "model": "ffxivbot.weatherrate",
        "pk": 50,
        "fields": {
            "rate": "[[3, 10], [4, 10], [9, 10], [11, 10], [1, 30], [2, 30]]"
        }
    },
    {
        "model": "ffxivbot.weatherrate",
        "pk": 51,
        "fields": {
            "rate": "[[3, 10], [4, 10], [7, 10], [8, 10], [1, 30], [2, 30]]"
        }
    },
    {
        "model": "ffxivbot.weatherrate",
        "pk": 52,
        "fields": {
            "rate": "[[3, 10], [6, 10], [50, 20], [1, 30], [2, 30]]"
        }
    },
    {
        "model": "ffxivbot.weatherrate",
        "pk": 53,
        "fields": {
            "rate": "[[1, 30], [2, 30], [3, 10], [4, 10], [5, 10], [49, 10]]"
        }
    },
    {
        "model": "ffxivbot.weatherrate",
        "pk": 54,
        "fields": {
            "rate": "[[2, 35], [3, 35], [9, 30]]"
        }
    },
    {
        "model": "ffxivbot.weatherrate",
        "pk": 55,
        "fields": {
            "rate": "[[3, 10], [4, 10], [7, 10], [8, 10], [1, 30], [2, 30]]"
        }
    },
    {
        "model": "ffxivbot.weatherrate",
        "pk": 56,
        "fields": {
            "rate": "[[44, 100]]"
        }
    },
    {
        "model": "ffxivbot.weatherrate",
        "pk": 57,
        "fields": {
            "rate": "[[51, 100]]"
        }
    },
    {
        "model": "ffxivbot.weatherrate",
        "pk": 58,
        "fields": {
            "rate": "[[1, 100]]"
        }
    },
    {
        "model": "ffxivbot.weatherrate",
        "pk": 59,
        "fields": {
            "rate": "[[4, 15], [7, 25], [2, 60]]"
        }
    },
    {
        "model": "ffxivbot.weatherrate",
        "pk": 60,
        "fields": {
            "rate": "[[2, 40], [4, 35], [5, 20], [49, 4], [54, 1]]"
        }
    },
    {
        "model": "ffxivbot.weatherrate",
        "pk": 61,
        "fields": {
            "rate": "[[2, 40], [4, 20], [5, 35], [49, 4], [54, 1]]"
        }
    },
    {
        "model": "ffxivbot.weatherrate",
        "pk": 62,
        "fields": {
            "rate": "[[2, 40], [4, 25], [5, 25], [49, 8], [54, 2]]"
        }
    },
    {
        "model": "ffxivbot.weatherrate",
        "pk": 63,
        "fields": {
            "rate": "[[7, 100]]"
        }
    },
    {
        "model": "ffxivbot.weatherrate",
        "pk": 64,
        "fields": {
            "rate": "[[2, 60], [7, 40]]"
        }
    },
    {
        "model": "ffxivbot.weatherrate",
        "pk": 65,
        "fields": {
            "rate": "[[2, 50], [7, 50]]"
        }
    },
    {
        "model": "ffxivbot.weatherrate",
        "pk": 66,
        "fields": {
            "rate": "[[60, 100]]"
        }
    },
    {
        "model": "ffxivbot.weatherrate",
        "pk": 67,
        "fields": {
            "rate": "[[2, 35], [15, 30], [16, 20], [4, 15]]"
        }
    },
    {
        "model": "ffxivbot.weatherrate",
        "pk": 68,
        "fields": {
            "rate": "[[14, 100]]"
        }
    },
    {
        "model": "ffxivbot.weatherrate",
        "pk": 69,
        "fields": {
            "rate": "[[69, 100]]"
        }
    },
    {
        "model": "ffxivbot.weatherrate",
        "pk": 70,
        "fields": {
            "rate": "[[54, 100]]"
        }
    },
    {
        "model": "ffxivbot.weatherrate",
        "pk": 71,
        "fields": {
            "rate": "[[2, 30], [4, 30], [5, 30], [49, 10]]"
        }
    },
    {
        "model": "ffxivbot.weatherrate",
        "pk": 72,
        "fields": {
            "rate": "[[2, 65], [7, 35]]"
        }
    },
    {
        "model": "ffxivbot.weatherrate",
        "pk": 73,
        "fields": {
            "rate": "[[2, 65], [7, 35]]"
        }
    },
    {
        "model": "ffxivbot.weatherrate",
        "pk": 74,
        "fields": {
            "rate": "[[17, 100]]"
        }
    },
    {
        "model": "ffxivbot.weatherrate",
        "pk": 75,
        "fields": {
            "rate": "[[74, 100]]"
        }
    },
    {
        "model": "ffxivbot.weatherrate",
        "pk": 76,
        "fields": {
            "rate": "[[84, 100]]"
        }
    },
    {
        "model": "ffxivbot.weatherrate",
        "pk": 77,
        "fields": {
            "rate": "[[80, 100]]"
        }
    },
    {
        "model": "ffxivbot.weatherrate",
        "pk": 78,
        "fields": {
            "rate": "[[1, 15], [2, 45], [3, 20], [4, 10], [9, 10]]"
        }
    },
    {
        "model": "ffxivbot.weatherrate",
        "pk": 79,
        "fields": {
            "rate": "[[1, 15], [2, 45], [3, 20], [4, 10], [9, 10]]"
        }
    },
    {
        "model": "ffxivbot.weatherrate",
        "pk": 80,
        "fields": {
            "rate": "[[1, 10], [2, 50], [3, 15], [4, 10], [5, 10], [11, 5]]"
        }
    },
    {
        "model": "ffxivbot.weatherrate",
        "pk": 81,
        "fields": {
            "rate": "[[1, 20], [2, 40], [3, 20], [4, 10], [10, 10]]"
        }
    },
    {
        "model": "ffxivbot.weatherrate",
        "pk": 82,
        "fields": {
            "rate": "[[7, 10], [4, 10], [3, 20], [2, 40], [1, 20]]"
        }
    },
    {
        "model": "ffxivbot.weatherrate",
        "pk": 83,
        "fields": {
            "rate": "[[9, 10], [5, 10], [3, 15], [2, 40], [1, 25]]"
        }
    },
    {
        "model": "ffxivbot.weatherrate",
        "pk": 84,
        "fields": {
            "rate": "[[8, 5], [7, 10], [4, 10], [3, 15], [2, 40], [1, 20]]"
        }
    },
    {
        "model": "ffxivbot.weatherrate",
        "pk": 85,
        "fields": {
            "rate": "[[6, 5], [5, 5], [7, 7], [4, 8], [3, 10], [2, 40], [1, 25]]"
        }
    },
    {
        "model": "ffxivbot.weatherrate",
        "pk": 86,
        "fields": {
            "rate": "[[50, 100]]"
        }
    },
    {
        "model": "ffxivbot.weatherrate",
        "pk": 87,
        "fields": {
            "rate": "[[82, 100]]"
        }
    },
    {
        "model": "ffxivbot.weatherrate",
        "pk": 88,
        "fields": {
            "rate": "[[79, 100]]"
        }
    },
    {
        "model": "ffxivbot.weatherrate",
        "pk": 89,
        "fields": {
            "rate": "[[88, 100]]"
        }
    },
    {
        "model": "ffxivbot.weatherrate",
        "pk": 90,
        "fields": {
            "rate": "[[2, 100]]"
        }
    },
    {
        "model": "ffxivbot.weatherrate",
        "pk": 91,
        "fields": {
            "rate": "[[2, 30], [6, 30], [8, 30], [15, 10]]"
        }
    },
    {
        "model": "ffxivbot.weatherrate",
        "pk": 92,
        "fields": {
            "rate": "[[77, 100]]"
        }
    },
    {
        "model": "ffxivbot.weatherrate",
        "pk": 93,
        "fields": {
            "rate": "[[92, 100]]"
        }
    },
    {
        "model": "ffxivbot.weatherrate",
        "pk": 94,
        "fields": {
            "rate": "[[2, 10], [4, 18], [14, 18], [15, 18], [9, 18], [16, 18]]"
        }
    },
    {
        "model": "ffxivbot.weatherrate",
        "pk": 95,
        "fields": {
            "rate": "[[101, 100]]"
        }
    },
    {
        "model": "ffxivbot.weatherrate",
        "pk": 96,
        "fields": {
            "rate": "[[2,10],[14,18],[9,18],[16,18],[49,18],[15,18]]"
        }
    },
    {
        "model": "ffxivbot.weatherrate",
        "pk": 97,
        "fields": {
            "rate": "[]"
        }
    },
    {
        "model": "ffxivbot.weatherrate",
        "pk": 98,
        "fields": {
            "rate": "[]"
        }
    },
    {
        "model": "ffxivbot.weatherrate",
        "pk": 99,
        "fields": {
            "rate": "[[113, 100], [0, 0], [0, 0], [0, 0], [0, 0], [0, 0], [0, 0], [0, 0]]"
        }
    },
    {
        "model": "ffxivbot.weatherrate",
        "pk": 100,
        "fields": {
            "rate": "[[2,12],[8,22],[17,22],[10,22],[15,22]]"
        }
    },
    {
        "model": "ffxivbot.weatherrate",
        "pk": 101,
        "fields": {
            "rate": "[[119, 100], [0, 0], [0, 0], [0, 0], [0, 0], [0, 0], [0, 0], [0, 0]]"
        }
    },
    {
        "model": "ffxivbot.weatherrate",
        "pk": 102,
        "fields": {
            "rate": "[[118, 100], [0, 0], [0, 0], [0, 0], [0, 0], [0, 0], [0, 0], [0, 0]]"
        }
    },
    {
        "model": "ffxivbot.weatherrate",
        "pk": 103,
        "fields": {
            "rate": "[[122, 100], [0, 0], [0, 0], [0, 0], [0, 0], [0, 0], [0, 0], [0, 0]]"
        }
    },
    {
        "model": "ffxivbot.weatherrate",
        "pk": 104,
        "fields": {
            "rate": "[[125, 100], [0, 0], [0, 0], [0, 0], [0, 0], [0, 0], [0, 0], [0, 0]]"
        }
    },
    {
        "model": "ffxivbot.weatherrate",
        "pk": 105,
        "fields": {
            "rate": "[[120, 100], [0, 0], [0, 0], [0, 0], [0, 0], [0, 0], [0, 0], [0, 0]]"
        }
    },
    {
        "model": "ffxivbot.weatherrate",
        "pk": 106,
        "fields": {
            "rate": "[[1, 20], [2, 40], [3, 15], [4, 10], [7, 10], [10, 5], [0, 0], [0, 0]]"
        }
    },
    {
        "model": "ffxivbot.weatherrate",
        "pk": 107,
        "fields": {
            "rate": "[[6, 10], [7, 10], [4, 10], [3, 15], [2, 40], [1, 15], [0, 0], [0, 0]]"
        }
    },
    {
        "model": "ffxivbot.weatherrate",
        "pk": 108,
        "fields": {
            "rate": "[[2, 45], [3, 15], [11, 10], [14, 10], [1, 20], [0, 0], [0, 0], [0, 0]]"
        }
    },
    {
        "model": "ffxivbot.weatherrate",
        "pk": 109,
        "fields": {
            "rate": "[[7, 10], [4, 10], [3, 15], [10, 10], [1, 15], [2, 40], [0, 0], [0, 0]]"
        }
    },
    {
        "model": "ffxivbot.weatherrate",
        "pk": 110,
        "fields": {
            "rate": "[[4, 10], [7, 10], [49, 10], [1, 15], [2, 40], [3, 15], [0, 0], [0, 0]]"
        }
    },
    {
        "model": "ffxivbot.weatherrate",
        "pk": 111,
        "fields": {
            "rate": "[[3, 20], [2, 60], [1, 20], [0, 0], [0, 0], [0, 0], [0, 0], [0, 0]]"
        }
    },
    {
        "model": "ffxivbot.weatherrate",
        "pk": 112,
        "fields": {
            "rate": "[[1, 20], [2, 40], [3, 15], [4, 10], [7, 10], [10, 5], [0, 0], [0, 0]]"
        }
    },
    {
        "model": "ffxivbot.weatherrate",
        "pk": 113,
        "fields": {
            "rate": "[[6, 10], [7, 10], [4, 10], [3, 15], [2, 40], [1, 15], [0, 0], [0, 0]]"
        }
    },
    {
        "model": "ffxivbot.weatherrate",
        "pk": 114,
        "fields": {
            "rate": "[[105, 100], [0, 0], [0, 0], [0, 0], [0, 0], [0, 0], [0, 0], [0, 0]]"
        }
    },
    {
        "model": "ffxivbot.weatherrate",
        "pk": 115,
        "fields": {
            "rate": "[[10, 100], [0, 0], [0, 0], [0, 0], [0, 0], [0, 0], [0, 0], [0, 0]]"
        }
    },
    {
        "model": "ffxivbot.weatherrate",
        "pk": 116,
        "fields": {
            "rate": "[[127, 100], [0, 0], [0, 0], [0, 0], [0, 0], [0, 0], [0, 0], [0, 0]]"
        }
    },
    {
        "model": "ffxivbot.weatherrate",
        "pk": 117,
        "fields": {
            "rate": "[[2, 50], [5, 30], [7, 10], [6, 5], [4, 5], [0, 0], [0, 0], [0, 0]]"
        }
    }
]