[
    {
        "model": "ffxivbot.weather",
        "pk": 1,
        "fields": {
            "name": "碧空"
        }
    },
    {
        "model": "ffxivbot.weather",
        "pk": 2,
        "fields": {
            "name": "晴朗"
        }
    },
    {
        "model": "ffxivbot.weather",
        "pk": 3,
        "fields": {
            "name": "阴云"
        }
    },
    {
        "model": "ffxivbot.weather",
        "pk": 4,
        "fields": {
            "name": "薄雾"
        }
    },
    {
        "model": "ffxivbot.weather",
        "pk": 5,
        "fields": {
            "name": "微风"
        }
    },
    {
        "model": "ffxivbot.weather",
        "pk": 6,
        "fields": {
            "name": "强风"
        }
    },
    {
        "model": "ffxivbot.weather",
        "pk": 7,
        "fields": {
            "name": "小雨"
        }
    },
    {
        "model": "ffxivbot.weather",
        "pk": 8,
        "fields": {
            "name": "暴雨"
        }
    },
    {
        "model": "ffxivbot.weather",
        "pk": 9,
        "fields": {
            "name": "打雷"
        }
    },
    {
        "model": "ffxivbot.weather",
        "pk": 10,
        "fields": {
            "name": "雷雨"
        }
    },
    {
        "model": "ffxivbot.weather",
        "pk": 11,
        "fields": {
            "name": "扬沙"
        }
    },
    {
        "model": "ffxivbot.weather",
        "pk": 12,
        "fields": {
            "name": "沙尘暴"
        }
    },
    {
        "model": "ffxivbot.weather",
        "pk": 13,
        "fields": {
            "name": "高温"
        }
    },
    {
        "model": "ffxivbot.weather",
        "pk": 14,
        "fields": {
            "name": "热浪"
        }
    },
    {
        "model": "ffxivbot.weather",
        "pk": 15,
        "fields": {
            "name": "小雪"
        }
    },
    {
        "model": "ffxivbot.weather",
        "pk": 16,
        "fields": {
            "name": "暴雪"
        }
    },
    {
        "model": "ffxivbot.weather",
        "pk": 17,
        "fields": {
            "name": "妖雾"
        }
    },
    {
        "model": "ffxivbot.weather",
        "pk": 18,
        "fields": {
            "name": "极光"
        }
    },
    {
        "model": "ffxivbot.weather",
        "pk": 19,
        "fields": {
            "name": "黑暗"
        }
    },
    {
        "model": "ffxivbot.weather",
        "pk": 20,
        "fields": {
            "name": "绝命"
        }
    },
    {
        "model": "ffxivbot.weather",
        "pk": 21,
        "fields": {
            "name": "阴云"
        }
    },
    {
        "model": "ffxivbot.weather",
        "pk": 22,
        "fields": {
            "name": "雷云"
        }
    },
    {
        "model": "ffxivbot.weather",
        "pk": 23,
        "fields": {
            "name": "暴风雨"
        }
    },
    {
        "model": "ffxivbot.weather",
        "pk": 24,
        "fields": {
            "name": "暴风雨"
        }
    },
    {
        "model": "ffxivbot.weather",
        "pk": 25,
        "fields": {
            "name": "阴沉"
        }
    },
    {
        "model": "ffxivbot.weather",
        "pk": 26,
        "fields": {
            "name": "热浪"
        }
    },
    {
        "model": "ffxivbot.weather",
        "pk": 27,
        "fields": {
            "name": "妖雾"
        }
    },
    {
        "model": "ffxivbot.weather",
        "pk": 28,
        "fields": {
            "name": "暴风"
        }
    },
    {
        "model": "ffxivbot.weather",
        "pk": 29,
        "fields": {
            "name": "烟雾"
        }
    },
    {
        "model": "ffxivbot.weather",
        "pk": 30,
        "fields": {
            "name": "晴朗"
        }
    },
    {
        "model": "ffxivbot.weather",
        "pk": 31,
        "fields": {
            "name": "晴朗"
        }
    },
    {
        "model": "ffxivbot.weather",
        "pk": 32,
        "fields": {
            "name": "晴朗"
        }
    },
    {
        "model": "ffxivbot.weather",
        "pk": 33,
        "fields": {
            "name": "晴朗"
        }
    },
    {
        "model": "ffxivbot.weather",
        "pk": 34,
        "fields": {
            "name": "晴朗"
        }
    },
    {
        "model": "ffxivbot.weather",
        "pk": 35,
        "fields": {
            "name": "极光"
        }
    },
    {
        "model": "ffxivbot.weather",
        "pk": 36,
        "fields": {
            "name": "辉核"
        }
    },
    {
        "model": "ffxivbot.weather",
        "pk": 37,
        "fields": {
            "name": "辉核"
        }
    },
    {
        "model": "ffxivbot.weather",
        "pk": 38,
        "fields": {
            "name": "辉核"
        }
    },
    {
        "model": "ffxivbot.weather",
        "pk": 39,
        "fields": {
            "name": "辉核"
        }
    },
    {
        "model": "ffxivbot.weather",
        "pk": 40,
        "fields": {
            "name": "滩云"
        }
    },
    {
        "model": "ffxivbot.weather",
        "pk": 41,
        "fields": {
            "name": "滩云"
        }
    },
    {
        "model": "ffxivbot.weather",
        "pk": 42,
        "fields": {
            "name": "滩云"
        }
    },
    {
        "model": "ffxivbot.weather",
        "pk": 43,
        "fields": {
            "name": "滩云"
        }
    },
    {
        "model": "ffxivbot.weather",
        "pk": 44,
        "fields": {
            "name": "神意"
        }
    },
    {
        "model": "ffxivbot.weather",
        "pk": 45,
        "fields": {
            "name": "神意"
        }
    },
    {
        "model": "ffxivbot.weather",
        "pk": 46,
        "fields": {
            "name": "神意"
        }
    },
    {
        "model": "ffxivbot.weather",
        "pk": 47,
        "fields": {
            "name": "神意"
        }
    },
    {
        "model": "ffxivbot.weather",
        "pk": 48,
        "fields": {
            "name": "神意"
        }
    },
    {
        "model": "ffxivbot.weather",
        "pk": 49,
        "fields": {
            "name": "灵风"
        }
    },
    {
        "model": "ffxivbot.weather",
        "pk": 50,
        "fields": {
            "name": "灵电"
        }
    },
    {
        "model": "ffxivbot.weather",
        "pk": 51,
        "fields": {
            "name": "烟武"
        }
    },
    {
        "model": "ffxivbot.weather",
        "pk": 52,
        "fields": {
            "name": "晴朗"
        }
    },
    {
        "model": "ffxivbot.weather",
        "pk": 53,
        "fields": {
            "name": "兽雷"
        }
    },
    {
        "model": "ffxivbot.weather",
        "pk": 54,
        "fields": {
            "name": "雷波"
        }
    },
    {
        "model": "ffxivbot.weather",
        "pk": 55,
        "fields": {
            "name": "兽雷"
        }
    },
    {
        "model": "ffxivbot.weather",
        "pk": 56,
        "fields": {
            "name": "神意"
        }
    },
    {
        "model": "ffxivbot.weather",
        "pk": 57,
        "fields": {
            "name": "打雷"
        }
    },
    {
        "model": "ffxivbot.weather",
        "pk": 58,
        "fields": {
            "name": "打雷"
        }
    },
    {
        "model": "ffxivbot.weather",
        "pk": 59,
        "fields": {
            "name": ""
        }
    },
    {
        "model": "ffxivbot.weather",
        "pk": 60,
        "fields": {
            "name": "神秘"
        }
    },
    {
        "model": "ffxivbot.weather",
        "pk": 61,
        "fields": {
            "name": "神秘"
        }
    },
    {
        "model": "ffxivbot.weather",
        "pk": 62,
        "fields": {
            "name": "小雨"
        }
    },
    {
        "model": "ffxivbot.weather",
        "pk": 63,
        "fields": {
            "name": "晴朗"
        }
    },
    {
        "model": "ffxivbot.weather",
        "pk": 64,
        "fields": {
            "name": "小雨"
        }
    },
    {
        "model": "ffxivbot.weather",
        "pk": 65,
        "fields": {
            "name": "晴朗"
        }
    },
    {
        "model": "ffxivbot.weather",
        "pk": 66,
        "fields": {
            "name": "邪天"
        }
    },
    {
        "model": "ffxivbot.weather",
        "pk": 67,
        "fields": {
            "name": "邪天"
        }
    },
    {
        "model": "ffxivbot.weather",
        "pk": 68,
        "fields": {
            "name": "晴朗"
        }
    },
    {
        "model": "ffxivbot.weather",
        "pk": 69,
        "fields": {
            "name": "平衡"
        }
    },
    {
        "model": "ffxivbot.weather",
        "pk": 70,
        "fields": {
            "name": "平衡"
        }
    },
    {
        "model": "ffxivbot.weather",
        "pk": 71,
        "fields": {
            "name": "时光"
        }
    },
    {
        "model": "ffxivbot.weather",
        "pk": 72,
        "fields": {
            "name": "时光"
        }
    },
    {
        "model": "ffxivbot.weather",
        "pk": 73,
        "fields": {
            "name": "时光"
        }
    },
    {
        "model": "ffxivbot.weather",
        "pk": 74,
        "fields": {
            "name": "鬼气"
        }
    },
    {
        "model": "ffxivbot.weather",
        "pk": 75,
        "fields": {
            "name": "鬼气"
        }
    },
    {
        "model": "ffxivbot.weather",
        "pk": 76,
        "fields": {
            "name": "鬼气"
        }
    },
    {
        "model": "ffxivbot.weather",
        "pk": 77,
        "fields": {
            "name": "次元"
        }
    },
    {
        "model": "ffxivbot.weather",
        "pk": 78,
        "fields": {
            "name": "次元"
        }
    },
    {
        "model": "ffxivbot.weather",
        "pk": 79,
        "fields": {
            "name": "次元"
        }
    },
    {
        "model": "ffxivbot.weather",
        "pk": 80,
        "fields": {
            "name": "豪雨"
        }
    },
    {
        "model": "ffxivbot.weather",
        "pk": 81,
        "fields": {
            "name": "豪雨"
        }
    },
    {
        "model": "ffxivbot.weather",
        "pk": 82,
        "fields": {
            "name": "极乐"
        }
    },
    {
        "model": "ffxivbot.weather",
        "pk": 83,
        "fields": {
            "name": "极乐"
        }
    },
    {
        "model": "ffxivbot.weather",
        "pk": 84,
        "fields": {
            "name": "龙威"
        }
    },
    {
        "model": "ffxivbot.weather",
        "pk": 85,
        "fields": {
            "name": "龙威"
        }
    },
    {
        "model": "ffxivbot.weather",
        "pk": 86,
        "fields": {
            "name": "豪雨"
        }
    },
    {
        "model": "ffxivbot.weather",
        "pk": 87,
        "fields": {
            "name": "迅雷"
        }
    },
    {
        "model": "ffxivbot.weather",
        "pk": 88,
        "fields": {
            "name": "打雷"
        }
    },
    {
        "model": "ffxivbot.weather",
        "pk": 89,
        "fields": {
            "name": "次元"
        }
    },
    {
        "model": "ffxivbot.weather",
        "pk": 90,
        "fields": {
            "name": "晴朗"
        }
    },
    {
        "model": "ffxivbot.weather",
        "pk": 91,
        "fields": {
            "name": "碧空"
        }
    },
    {
        "model": "ffxivbot.weather",
        "pk": 92,
        "fields": {
            "name": "白旋风"
        }
    },
    {
        "model": "ffxivbot.weather",
        "pk": 93,
        "fields": {
            "name": "白旋风"
        }
    },
    {
        "model": "ffxivbot.weather",
        "pk": 94,
        "fields": {
            "name": "白旋风"
        }
    },
    {
        "model": "ffxivbot.weather",
        "pk": 95,
        "fields": {
            "name": "幻想"
        }
    },
    {
        "model": "ffxivbot.weather",
        "pk": 96,
        "fields": {
            "name": "白旋风"
        }
    },
    {
        "model": "ffxivbot.weather",
        "pk": 97,
        "fields": {
            "name": "月夜"
        }
    },
    {
        "model": "ffxivbot.weather",
        "pk": 98,
        "fields": {
            "name": "月夜"
        }
    },
    {
        "model": "ffxivbot.weather",
        "pk": 99,
        "fields": {
            "name": "月夜"
        }
    },
    {
        "model": "ffxivbot.weather",
        "pk": 100,
        "fields": {
            "name": "月夜"
        }
    },
    {
        "model": "ffxivbot.weather",
        "pk": 101,
        "fields": {
            "name": "晴朗"
        }
    },
    {
        "model": "ffxivbot.weather",
        "pk": 102,
        "fields": {
            "name": "朱炎"
        }
    },
    {
        "model": "ffxivbot.weather",
        "pk": 103,
        "fields": {
            "name": "朱炎"
        }
    },
    {
        "model": "ffxivbot.weather",
        "pk": 104,
        "fields": {
            "name": "朱炎"
        }
    },
    {
        "model": "ffxivbot.weather",
        "pk": 105,
        "fields": {
            "name": "晴朗"
        }
    },
    {
        "model": "ffxivbot.weather",
        "pk": 106,
        "fields": {
            "name": "晴朗"
        }
    },
    {
        "model": "ffxivbot.weather",
        "pk": 107,
        "fields": {
            "name": "晴朗"
        }
    },
    {
        "model": "ffxivbot.weather",
        "pk": 108,
        "fields": {
            "name": "晴朗"
        }
    },
    {
        "model": "ffxivbot.weather",
        "pk": 109,
        "fields": {
            "name": "烈焰"
        }
    },
    {
        "model": "ffxivbot.weather",
        "pk": 110,
        "fields": {
            "name": "海啸"
        }
    },
    {
        "model": "ffxivbot.weather",
        "pk": 111,
        "fields": {
            "name": "龙卷风"
        }
    },
    {
        "model": "ffxivbot.weather",
        "pk": 112,
        "fields": {
            "name": "地震"
        }
    },
    {
        "model": "ffxivbot.weather",
        "pk": 113,
        "fields": {
            "name": "青空"
        }
    },
    {
        "model": "ffxivbot.weather",
        "pk": 114,
        "fields": {
            "name": "青空"
        }
    },
    {
        "model": "ffxivbot.weather",
        "pk": 115,
        "fields": {
            "name": "青空"
        }
    },
    {
        "model": "ffxivbot.weather",
        "pk": 116,
        "fields": {
            "name": "乱灵流"
        }
    },
    {
        "model": "ffxivbot.weather",
        "pk": 117,
        "fields": {
            "name": "青空"
        }
    },
    {
        "model": "ffxivbot.weather",
        "pk": 118,
        "fields": {
            "name": "无尽光"
        }
    },
    {
        "model": "ffxivbot.weather",
        "pk": 119,
        "fields": {
            "name": "暴风"
        }
    },
    {
        "model": "ffxivbot.weather",
        "pk": 120,
        "fields": {
            "name": "末日"
        }
    },
    {
        "model": "ffxivbot.weather",
        "pk": 121,
        "fields": {
            "name": "末日"
        }
    },
    {
        "model": "ffxivbot.weather",
        "pk": 122,
        "fields": {
            "name": "妖梦"
        }
    },
    {
        "model": "ffxivbot.weather",
        "pk": 123,
        "fields": {
            "name": "妖梦"
        }
    },
    {
        "model": "ffxivbot.weather",
        "pk": 124,
        "fields": {
            "name": "妖梦"
        }
    },
    {
        "model": "ffxivbot.weather",
        "pk": 125,
        "fields": {
            "name": "光天"
        }
    },
    {
        "model": "ffxivbot.weather",
        "pk": 126,
        "fields": {
            "name": "光天"
        }
    },
    {
        "model": "ffxivbot.weather",
        "pk": 127,
        "fields": {
            "name": "末日"
        }
    },
    {
        "model": "ffxivbot.weather",
        "pk": 128,
        "fields": {
            "name": "末日"
        }
    },
    {
        "model": "ffxivbot.weather",
        "pk": 129,
        "fields": {
            "name": "无尽光"
        }
    },
    {
        "model": "ffxivbot.weather",
        "pk": 130,
        "fields": {
            "name": "烟雾"
        }
    },
    {
        "model": "ffxivbot.weather",
        "pk": 131,
        "fields": {
            "name": "末日"
        }
    },
    {
        "model": "ffxivbot.weather",
        "pk": 132,
        "fields": {
            "name": "晴朗"
        }
    }
]